都道府県,施設名,住所,place_id
東京,エクセルシオール カフェ 亀戸店,日本、〒136-0071 東京都江東区亀戸５丁目１−２ ＬＩＶ亀戸２ビル １Ｆ,ChIJ8-EN-sSIGGARLqkqUOBblf4
東京,エクセルシオール カフェ 東京スカイツリーイーストタワー店,日本、〒131-0045 東京都墨田区押上１丁目１−２ 東京スカイツリーイーストタワー １２Ｆ,ChIJ_SoK_ftfGGARyW1BBBRamVA
東京,カフェ コロラド 下高井戸駅前店,日本、〒156-0043 東京都世田谷区松原３丁目２９−１９ 鈴木ビル ２Ｆ,ChIJW1L6R67zGGARmEDTkC6I6ic
東京,カフェ コロラド 駒場東大前店,日本、〒153-0041 東京都目黒区駒場３丁目１１−１２,ChIJoaBdZFDzGGARoUdZ2DoSLKM
東京,カフェ コロラド 三軒茶屋店,日本、〒154-0004 東京都世田谷区太子堂４丁目２２−７ 森住ビル １Ｆ,ChIJHccsb5_0GGAR9k80FEeP0p4
東京,カフェ コロラド 大山店,日本、〒173-0023 東京都板橋区大山町４７−５ きくやビル ２Ｆ,ChIJ6e7pRbaSGGARmOX-WZv9V9I
東京,スターバックスコーヒー CIRCLES 銀座店,日本、〒104-0061 東京都中央区銀座３丁目７−６ Circles銀座,ChIJecKKfY2LGGARM9UswhpoTSI
東京,スターバックスコーヒー JR上野駅 入谷改札前店,日本、〒110-0005 東京都台東区上野７丁目１−１ 入谷口改札外 上野駅構内 3階,ChIJe0yOHCaPGGAR7T0nV9BjDm8
東京,スターバックスコーヒー JR池袋駅 西口店,日本、〒171-0021 東京都豊島区西池袋１丁目１−２５,ChIJ-0CNrcONGGARz8rO_B-2F8k
東京,スターバックスコーヒー ＪＲ東海 東京駅新幹線南ラチ内店,日本、〒103-0028 東京都中央区八重洲１丁目７−２０ 八重洲口会館 JR-PLUS関東支社,ChIJtxODuv6LGGAR7KPIhM48Zz0
東京,スターバックスコーヒー ＪＲ東海 品川駅ラチ内店,日本、〒108-0075 東京都港区港南２丁目１ 78JR-PLUS品川事務所,ChIJK-2xhVqKGGAR-hZVaYvNJXo
東京,スターバックスコーヒー JR東海 品川駅店,日本、〒108-0075 東京都港区港南２丁目１−７８,ChIJVWCf7g-LGGARx-CQOJaneYA
東京,スターバックスコーヒー JR東日本ホテルメッツ プレミア 秋葉原店,日本、〒101-0021 東京都千代田区外神田１丁目１７−4JR 東日本ホテルメッツ プレミア 秋葉原,ChIJkdGXtTeNGGARpQBGphIMVD0
東京,スターバックスコーヒー JR東日本ホテルメッツ 目白店,日本、〒171-0031 東京都豊島区目白１丁目４−１ JR東日本ホテルメッツ 目白3階,ChIJaTk2DTiNGGARnwH7alCoCVg
東京,スターバックスコーヒー LaLaテラス南千住店,日本、〒116-0003 東京都荒川区南千住４丁目７−２ LaLaテラス南千住 B棟1階,ChIJDTu8zdePGGARZFeBhOmsXjw
東京,スターバックスコーヒー Olive LOUNGE 下高井戸店,日本、〒156-0044 東京都世田谷区赤堤４丁目４７ 10Olive LOUNGE 1階,ChIJVWHbZGHzGGARPblBT2jfcRw
東京,スターバックスコーヒー TSUTAYA BOOKSTORE MARUNOUCHI店,日本、〒100-6390 東京都千代田区丸の内２丁目４−１ 丸の内ビルディング,ChIJcfmTBwCTGGARyqwpWxYmjgI
東京,スターバックスコーヒー TSUTAYA BOOKSTORE 渋谷スクランブルスクエア店,日本、〒150-6111 東京都渋谷区渋谷２丁目２４−１２ スクランブルスクエア,ChIJjaKE0MaLGGARtc3B2k9Ehrg
東京,スターバックスコーヒー アークヒルズサウスタワー店,日本、〒106-0032 東京都港区六本木１丁目４−５ アークヒルズ サウスタワー,ChIJ731bJpuLGGARcmUycz8CpSw
東京,スターバックスコーヒー アトレヴィ大塚店,日本、〒170-0005 東京都豊島区南大塚３丁目３３−１,ChIJ6wBTkXaNGGARywhsCO3aTaA
東京,スターバックスコーヒー アトレ亀戸店,日本、〒136-0071 東京都江東区亀戸５丁目１−１ アトレ亀戸 1F,ChIJd7aX9cSIGGARejiULx_BCcg
東京,スターバックスコーヒー アトレ秋葉原1店,日本、〒101-0021 東京都千代田区外神田１丁目１７−６ アトレ秋葉原 １,ChIJbwVn96eOGGARrPvwl9457c4
東京,スターバックスコーヒー アトレ大森店(2F),日本、〒143-0016 東京都大田区大森北１丁目６−１６ アトレ大森 ２F,ChIJL6XNii1gGGARoewqBF8OmO0
東京,スターバックスコーヒー アトレ目黒1店,日本、〒141-0021 東京都品川区上大崎２丁目１６−９ アトレ目黒１ １F,ChIJp7yTtuuLGGARl22sdBfmWT8
東京,スターバックスコーヒー アリオ西新井店,日本、〒123-0843 東京都足立区西新井栄町１丁目２０−１ アリオ西新井,ChIJy0-EOguRGGARQCf8fB-ApZw
東京,スターバックスコーヒー アリオ北砂店,日本、〒136-0073 東京都江東区北砂２丁目１７−１ アリオ,ChIJK3hr2e-IGGARYOz9dU9dCrQ
東京,スターバックスコーヒー イオンスタイル碑文谷店,日本、〒152-0003 東京都目黒区碑文谷４丁目１−１,ChIJU8ghGtH0GGARGRdKg2C8ju0
東京,スターバックスコーヒー イオンスタイル品川シーサイド店,日本、〒140-0002 東京都品川区東品川４丁目１２−５ イオンスタイル品川シーサイド,ChIJUctxjHOKGGARXPdd18fv3e8
東京,スターバックスコーヒー イオン南砂店,日本、〒136-0076 東京都江東区南砂６丁目７−１５ イオン南砂店 1F,ChIJOzkzP2eIGGARYPGopWpML_I
東京,スターバックスコーヒー イオン板橋店,日本、〒175-0083 東京都板橋区徳丸２丁目６−１ イオン板橋,ChIJ160Ve-3sGGARyyxUd0o1jQk
東京,スターバックスコーヒー エキア成増店,日本、〒175-0094 東京都板橋区成増２丁目１３−１ EQUiA成増 2階,ChIJF44HpXXsGGARmOqfcCczNX8
東京,スターバックスコーヒー エキア北千住店,日本、〒120-0026 東京都足立区千住旭町４２−１ EQUiA北千住,ChIJR1UxqU-OGGARdMg0nncIhDg
東京,スターバックスコーヒー エキュート上野 公園口店,日本、〒110-0005 東京都台東区上野７丁目１−１ エキュート上野,ChIJaWykOyWPGGAR6LEmJOuLLms
東京,スターバックスコーヒー エチカ池袋店,日本、〒171-0021 東京都豊島区西池袋３丁目２８−１４,ChIJi3rdpV6NGGARJBUo599rfY8
東京,スターバックスコーヒー エトモ大井町店,日本、〒140-0014 東京都品川区大井１丁目１−１ エトモ大井町,ChIJ9eUDHn2KGGARbSx4l38t6no
東京,スターバックスコーヒー エトモ祐天寺店,日本、〒153-0052 東京都目黒区祐天寺２丁目１３−４ エトモ祐天寺,ChIJWcyXQ3aLGGARMAcoYeSRUys
東京,スターバックスコーヒー エミオ練馬店,日本、〒176-0001 東京都練馬区練馬１丁目３−５ エミオ練馬,ChIJc5xrB33tGGAR4_j73R20QCI
東京,スターバックスコーヒー お茶の水村田ビル店,日本、〒101-0062 東京都千代田区神田駿河台２丁目５ 村田ビルディング １F,ChIJ67ggdxeMGGAR5uSOMBBDfHU
東京,スターバックスコーヒー カレッタ汐留店,日本、〒105-0021 東京都港区東新橋１丁目８−２ カレッタ汐留,ChIJU0Gmy8KLGGARK45I89uFmgU
東京,スターバックスコーヒー グランスタ東京店,日本、〒100-0005 東京都千代田区丸の内１丁目９−１ JR東日本東京駅構内１F グランスタ東京 京葉ストリートエリア,ChIJO_90qEiLGGARdwILELCgPQo
東京,スターバックスコーヒー グランスタ八重洲店,日本、〒100-0005 東京都千代田区丸の内１丁目９−１ 東京駅八重洲中央口B１F グランスタ八重洲,ChIJM0IpZvyLGGARlatxOn6YceE
東京,スターバックスコーヒー ゲートシティ大崎店,日本、〒141-0032 東京都品川区大崎１丁目１１−１ ゲートシティ大崎,ChIJ5Y2CdvWKGGARKU5iJbTpW7Q
東京,スターバックスコーヒー シモキタエキウエ店,日本、〒155-0031 東京都世田谷区北沢２丁目２４−２ 小田急下北沢駅 シモキタエキウエ内,ChIJgR37t6TzGGARQFWn-pmaGTU
東京,スターバックスコーヒー シャポー小岩店,日本、〒133-0056 東京都江戸川区南小岩７丁目２４−１５,ChIJ6RwwnHGFGGARmIV4e7po4sI
東京,スターバックスコーヒー ダイバーシティ東京 プラザ店,日本、〒135-0064 東京都江東区青海１丁目１−１０ ダイバーシティ東京 プラザ 2階,ChIJ01wR2PmJGGARJDhec6mdtGU
東京,スターバックスコーヒー ビーンズ阿佐ヶ谷駅前店,日本、〒166-0004 東京都杉並区阿佐谷南３丁目５８−１ ビーンズ阿佐ヶ谷ぷらす,ChIJ42OtinbyGGARHCCBmQnvKQg
東京,スターバックスコーヒー マロニエゲート銀座1店,日本、〒104-0061 東京都中央区銀座２丁目２−１４ マロニエゲート銀座 1,ChIJxU96_-SLGGARs7YOu3npa-E
東京,スターバックスコーヒー ららぽーと豊洲 サウスポート2階店,日本、〒135-8614 東京都江東区豊洲２丁目４−９ ららぽーと,ChIJJ7Bpq5iJGGARCmgMgXE6TTE
東京,スターバックスコーヒー ルミネエスト新宿店,日本、〒160-0022 東京都新宿区新宿３丁目３８−１ ルミネエスト ２Ｆ,ChIJbzaabc-NGGARZFuzir15xIo
東京,スターバックスコーヒー ルミネ荻窪店,日本、〒167-0043 東京都杉並区上荻１丁目７−１ ルミネ荻窪店,ChIJ9UEJWvftGGARdmL_MRjzr-8
東京,スターバックスコーヒー ルミネ新宿店,日本、〒160-0023 東京都新宿区西新宿１丁目１−５ ルミネ新宿 １,ChIJ0-RN-NCMGGARxTfBPUgLP4s
東京,スターバックスコーヒー ルミネ池袋2階店,日本、〒171-0021 東京都豊島区西池袋１丁目１１−１,ChIJfxu0EF2NGGAR0-80b2fGi3w
東京,スターバックスコーヒー 愛宕グリーンヒルズ店,日本、〒105-6290 東京都港区愛宕２丁目５−１ ＭＯＲＩ タワー（愛宕グリーンヒルズ,ChIJQf6CvpWLGGARwJZ4I5h2zKE
東京,スターバックスコーヒー 芦花公園店,日本、〒157-0062 東京都世田谷区南烏山１丁目２−１７,ChIJ62YjHinyGGARkS_qJeJlwn0
東京,スターバックスコーヒー 芦花公園店,日本、〒157-0062 東京都世田谷区南烏山１丁目２−１７,ChIJ62YjHinyGGARkS_qJeJlwn0
東京,スターバックスコーヒー 羽田空港第2ターミナル国際線ゲートエリア店,日本、〒144-0041 東京都大田区羽田空港３丁目４−２ 羽田空港 第2旅客ターミナル,ChIJ3WmD-7ZjGGARoIe6jv0xcSk
東京,スターバックスコーヒー 奥沢2丁目店,日本、〒158-0083 東京都世田谷区奥沢２丁目３８−９,ChIJicr8_9T1GGARm5dbg6ubjoI
東京,スターバックスコーヒー 奥沢2丁目店,日本、〒158-0083 東京都世田谷区奥沢２丁目３８−９,ChIJicr8_9T1GGARm5dbg6ubjoI
東京,スターバックスコーヒー 荻窪タウンセブン店,日本、〒167-0043 東京都杉並区上荻１丁目９−１ 荻窪タウンセブン６F,ChIJzTN0-rTtGGARwt5VyfUYCPI
東京,スターバックスコーヒー 下北沢店,日本、〒155-0031 東京都世田谷区北沢２丁目３０−６ ＵＣビル １F 下北沢,ChIJQcIdEmvzGGARsa-vJDQ8PSQ
東京,スターバックスコーヒー 学芸大駅前店,日本、〒152-0004 東京都目黒区鷹番３丁目１５−２５ 鳥芳ビル １F,ChIJN3AAw870GGAR3oKR0Oc3ZWg
東京,スターバックスコーヒー 葛西駅南口店,日本、〒134-0084 東京都江戸川区東葛西６丁目２ 1RECS東葛西 2階,ChIJXQziNQCHGGARn3Cbr2JdN5s
東京,スターバックスコーヒー 葛西臨海公園駅店,日本、〒134-0086 東京都江戸川区臨海町６丁目３−４ 葛西臨海公園駅高架下ビル,ChIJ6_fCHZp9GGARoh57foIGxtU
東京,スターバックスコーヒー 茅場町店,日本、〒103-0025 東京都中央区日本橋茅場町１丁目１２−２ 樋口本店ビル 1F,ChIJM1pRCluJGGARiLLHYmCmr5k
東京,スターバックスコーヒー 丸の内オアゾ店,日本、〒100-0005 東京都千代田区丸の内１丁目６−４ OAZO,ChIJWykzpmaLGGARTpSDny2pdQY
東京,スターバックスコーヒー 京王笹塚店,日本、〒151-0073 東京都渋谷区笹塚１丁目５６−１８ 京王クラウン街,ChIJTXDZYofzGGARBxegrHUqruw
東京,スターバックスコーヒー 玉川高島屋Ｓ・Ｃ店,日本、〒158-8502 東京都世田谷区玉川３丁目１７−１ 南館 ７階 玉川高島屋Ｓ・Ｃ,ChIJ8zGasBX0GGARhO8V7nNiXXI
東京,スターバックスコーヒー 錦糸町 丸井店,日本、〒130-0022 東京都墨田区江東橋３丁目９−１０ 錦糸町マルイ,ChIJeYCV9SeJGGARyaWIgayKOXE
東京,スターバックスコーヒー 錦糸町 丸井店,日本、〒130-0022 東京都墨田区江東橋３丁目９−１０ 錦糸町マルイ,ChIJeYCV9SeJGGARyaWIgayKOXE
東京,スターバックスコーヒー 錦糸町オリナス店,日本、〒130-0012 東京都墨田区太平４丁目１−２ オリナス,ChIJOVRovkWBGGARqNqD2BYQamM
東京,スターバックスコーヒー 錦糸町パルコ店,日本、〒130-0022 東京都墨田区江東橋４丁目２７−１４ 楽天地ビル,ChIJNyNwhDaJGGARn6t5bVC3Ykk
東京,スターバックスコーヒー 銀座 蔦屋書店,日本、〒104-0061 東京都中央区銀座６丁目１０−１ GINZA SIX 6階,ChIJI_clUuaLGGAR1gpcPJMS450
東京,スターバックスコーヒー 銀座EXITMELSA店,日本、〒104-0061 東京都中央区銀座５丁目７−１０,ChIJWym4beaLGGARCezsUfvHKdc
東京,スターバックスコーヒー 銀座松屋通り店,日本、〒104-0061 東京都中央区銀座３丁目７−１４ ＥＳＫビル １F,ChIJJ_ulveaLGGARcN1r6n7ewA4
東京,スターバックスコーヒー 九段下店,日本、〒102-0073 東京都千代田区九段北１丁目２−１ 九段北一丁目ビル 1F,ChIJrQJoMmuMGGARJ8q86MIn6_I
東京,スターバックスコーヒー 駒沢1丁目店,日本、〒154-0012 東京都世田谷区駒沢１丁目２４−５,ChIJY6Xql470GGAR4wUo_0uQQOU
東京,スターバックスコーヒー 恵比寿ガーデンプレイス センタープラザB1店,日本、〒150-0013 東京都渋谷区恵比寿４丁目２０−７ ガーデンプレイス センタープラザ B１,ChIJq_OrwrCLGGARqXn49er8zzA
東京,スターバックスコーヒー 恵比寿ユニオンビル店,日本、〒150-0022 東京都渋谷区恵比寿南１丁目２−１０ エビスユニオンビル １F,ChIJLWdB5kCLGGAROQVUESAP_e4
東京,スターバックスコーヒー 虎ノ門２丁目タワー店,日本、〒105-0001 東京都港区虎ノ門２丁目３−１７ 虎ノ門2丁目タワー,ChIJbxwe8JGLGGARUGHdJ1MziaU
東京,スターバックスコーヒー 五反田東急スクエア店,日本、〒141-0022 東京都品川区東五反田２丁目１−２ 五反田東急スクエア,ChIJrcxZVPqKGGARo6ZVFSiWANg
東京,スターバックスコーヒー 御茶ノ水ソラシティ店,日本、〒101-0062 東京都千代田区神田駿河台４丁目６ 御茶ノ水ソラシティ,ChIJS3K5SuGTGGARPxlEpsulSuw
東京,スターバックスコーヒー 御徒町春日通り店,日本、〒110-0005 東京都台東区上野６丁目２−１ ヨシダビル,ChIJFYSL06GOGGARl0i109gE5j8
東京,スターバックスコーヒー 御徒町春日通り店,日本、〒110-0005 東京都台東区上野６丁目２−１ ヨシダビル,ChIJFYSL06GOGGARl0i109gE5j8
東京,スターバックスコーヒー 光が丘IMA店,"Ima, ５丁目-１-１ 光が丘 練馬区 東京都 179-0072 日本",ChIJxclesGPtGGARlyZqG4bms0w
東京,スターバックスコーヒー 阪急大井町ガーデン店,日本、〒140-0014 東京都品川区大井１丁目５０−５ 新阪急大井町ビル,ChIJufGeyX2KGGARdlkdbxYBYKE
東京,スターバックスコーヒー 桜新町店,日本、〒154-0015 東京都世田谷区桜新町２丁目１０−４,ChIJDYhBjIb1GGAR2wa_zFVVAbE
東京,スターバックスコーヒー 三軒茶屋店,日本、〒154-0004 東京都世田谷区太子堂４丁目２０−２５ 海津ビル,ChIJ1dAWcp_0GGARdwHNRTKil3o
東京,スターバックスコーヒー 自由が丘駅前店,日本、〒152-0035 東京都目黒区自由が丘１丁目１１−６ うなぎほさか 1F,ChIJn2a3Cx_1GGARwZffEBRGeOU
東京,スターバックスコーヒー 自由が丘店,日本、〒152-0035 東京都目黒区自由が丘２丁目１０−１８ 栗山ビル 1F Ⅱ,ChIJO3J4OR71GGARPV2vV4be7qg
東京,スターバックスコーヒー 汐留シティセンター店,日本、〒105-7101 東京都港区東新橋１丁目５−２ 汐留シティセンタ,ChIJbUoVnMKLGGAReNRf_sOD41o
東京,スターバックスコーヒー 渋谷３丁目店,日本、〒150-0002 東京都渋谷区渋谷３丁目１１−７ 第２ミネギシビル,ChIJRUaw6FuLGGAR4wpGaxQZTFo
東京,スターバックスコーヒー 渋谷サクラステージ店,日本、〒150-0031 東京都渋谷区桜丘町１−４ 渋谷サクラステージ SHIBUYAサイド 3階,ChIJMRN2O_iLGGAROjrQ9HSUCPQ
東京,スターバックスコーヒー 渋谷ストリーム店,日本、〒150-0002 東京都渋谷区渋谷３丁目２１−３ 渋谷ストリーム,ChIJsaPFse6LGGARlvSetyaKuks
東京,スターバックスコーヒー 渋谷公園通り店,日本、〒150-0041 東京都渋谷区神南１丁目７−５ 渋谷公園通りＪＮビル 1F,ChIJxXehLq-MGGARX8s-7vTntXU
東京,スターバックスコーヒー 順天堂医院店,日本、〒113-8431 東京都文京区本郷３丁目１−３ 順天堂大学医学部附属 順天堂医院 1号館,ChIJ2WGN9heMGGARIpk8EbXf8b4
東京,スターバックスコーヒー 勝どき店,日本、〒104-0054 東京都中央区勝どき４丁目６−２ パークタワー勝どきミッド 1階,ChIJm3v7q2uJGGARSETA5awrZ38
東京,スターバックスコーヒー 新宿サザンテラス店,日本、〒151-0053 東京都渋谷区代々木２丁目２−１ 新宿サザンテラス 内,ChIJdbF81c-MGGAReLbuaGgXaXA
東京,スターバックスコーヒー 新宿サザンテラス店,日本、〒151-0053 東京都渋谷区代々木２丁目２−１ 新宿サザンテラス 内,ChIJdbF81c-MGGAReLbuaGgXaXA
東京,スターバックスコーヒー 新宿サブナード店,日本、〒160-0021 東京都新宿区歌舞伎町１丁目 新宿サブナード サブナード 1,ChIJiV2WZNeMGGARx97bZcqBqK0
東京,スターバックスコーヒー 新宿マインズタワー店,"新宿マインズタワー 1f, ２丁目-１-１ 代々木 渋谷区 東京都 151-0053 日本",ChIJyefU0dGMGGARyVfUCs0Gcyk
東京,スターバックスコーヒー 新宿ミロード5階店,日本、〒160-0023 東京都新宿区西新宿１丁目１−３ 新宿ミロード,ChIJ6TXZPWCNGGARysOHvQB6ugY
東京,スターバックスコーヒー 新宿御苑店,日本、〒160-0014 東京都新宿区内藤町１１ 新宿御苑,ChIJLblvi9uNGGARy-k9ouh8g80
東京,スターバックスコーヒー 新田町ビル店,日本、〒108-0014 東京都港区芝５丁目３４−６ 新田町ビル,ChIJ0-8hYj-LGGARkL10tLlvm24
東京,スターバックスコーヒー 神楽坂下店,日本、〒162-0825 東京都新宿区神楽坂１丁目９−２ 秀永ビル,ChIJ1xFDy0SMGGARkZmdp5f6C_Y
東京,スターバックスコーヒー 神田駅南口店,日本、〒101-0044 東京都千代田区鍛冶町２丁目１３−１ 南改札口外 JR 神田駅,ChIJNY3iR_uNGGARi77gZoGzSS0
東京,スターバックスコーヒー 神田小川町２丁目店,日本、〒101-0052 東京都千代田区神田小川町２丁目５−５ 紀陽東京ビル 1F,ChIJp5cOrBqMGGARMCiyzZVc7B8
東京,スターバックスコーヒー 水道橋後楽森ビル店,日本、〒112-0004 東京都文京区後楽１丁目４−１４ 森ビル 1F,ChIJNfqy4EaMGGAR51sW_7PltDQ
東京,スターバックスコーヒー 西五反田店,日本、〒141-0031 東京都品川区西五反田１丁目１８−１ ゴタンダ エクス １F,ChIJmRxovvqKGGARh1XGuNJCjSI
東京,スターバックスコーヒー 西新宿三井ビル店,日本、〒160-0023 東京都新宿区西新宿６丁目２４−１ 西新宿三井ビルディング,ChIJW0SO89TyGGARx7XkXc2ihN8
東京,スターバックスコーヒー 代々木店,日本、〒151-0053 東京都渋谷区代々木１丁目３８−７ 川本ビル,ChIJ75m4AcaMGGARYc2-voWVtBk
東京,スターバックスコーヒー 大井町駅東口店,日本、〒140-0011 東京都品川区東大井５丁目２０−１,ChIJN8oKOHyKGGARrBAM113MYwM
東京,スターバックスコーヒー 大崎ブライトタワー店,日本、〒141-0001 東京都品川区北品川５丁目６−１ 大崎ブライトタワー,ChIJYXrXcPaKGGARrWEIgddhUyc
東京,スターバックスコーヒー 大泉学園ゆめりあフェンテ店,日本、〒178-0063 東京都練馬区東大泉５丁目４３−１ ゆめりあフェンテ,ChIJTYgVQ8buGGARcl06S15fPUs
東京,スターバックスコーヒー 大塚駅前店,日本、〒170-0004 東京都豊島区北大塚２丁目１３−１,ChIJsaOf73aNGGARASs2H2gP7Uw
東京,スターバックスコーヒー 池尻2丁目店,日本、〒154-0001 東京都世田谷区池尻２丁目２７−７ アリビエ池尻,ChIJSR8D3Kj0GGARyIHLp6nI7I0
東京,スターバックスコーヒー 池袋ショッピングパーク南館店,日本、〒171-0022 東京都豊島区南池袋１丁目２９−１ 池袋ショッピングパーク,ChIJo4TXv2eNGGARFWbmqAECDc8
東京,スターバックスコーヒー 池袋西口店,日本、〒171-0021 東京都豊島区西池袋１丁目１７−１０ エキニア池袋,ChIJ___PM1yNGGARddwEdeQZu_s
東京,スターバックスコーヒー 築地駅前店,日本、〒104-0045 東京都中央区築地２丁目１２−８ まるみビル 1F,ChIJ__9jnN-LGGARfCh2LsH86YY
東京,スターバックスコーヒー 中目黒山手通り店,日本、〒153-0051 東京都目黒区上目黒３丁目１−３ プライムアーバン中目黒 II,ChIJQ7wAyE6LGGARUHG3s2QFEjQ
東京,スターバックスコーヒー 東急歌舞伎町タワー店,日本、〒160-0021 東京都新宿区歌舞伎町１丁目２９−１ 東急歌舞伎町タワ,ChIJ_0fo_BONGGARWISjo-EgdZM
東京,スターバックスコーヒー 東京スカイツリータウン・ソラマチ東6階店,日本、〒131-0045 東京都墨田区押上１丁目１−２ 東京スカイツリータウン,ChIJUaJR8NaOGGARnOWWqwpbcRE
東京,スターバックスコーヒー 東京ドームシティ ラクーア店,日本、〒112-0003 東京都文京区春日１丁目１−１ ラクーア,ChIJ-Z42DTiMGGARaNllbxUIC9w
東京,スターバックスコーヒー 東京ビッグサイト店,日本、〒135-0063 東京都江東区有明３丁目１１−１ 東京ビッグサイト レストラン街,ChIJH5hMhN2JGGAREUMcCfu3Rwk
東京,スターバックスコーヒー 東京ミッドタウン店,日本、〒107-0052 東京都港区赤坂９丁目７−２ 東京ミッドタウンB0103,ChIJ30G_l3iLGGARYNilOEO6xVI
東京,スターバックスコーヒー 東京ミッドタウン日比谷店,日本、〒100-0006 東京都千代田区有楽町１丁目１−４ 東京ミッドタウン日比谷,ChIJq_OOJO6LGGARJYJAWaQf8NI
東京,スターバックスコーヒー 東京科学大学店,日本、〒113-8519 東京都文京区湯島１丁目５−４５ 東京科学大学C 棟1階,ChIJge8QphmMGGAR7EAUu_sSZCk
東京,スターバックスコーヒー 東銀座店,日本、〒104-0061 東京都中央区銀座５丁目１５−８ 時事通信ビル,ChIJRbqR-N2LGGARPQ82SN0SM9A
東京,スターバックスコーヒー 南池袋店,日本、〒171-0022 東京都豊島区南池袋２丁目１６−４ ＳＫビル,ChIJJyVmOmiNGGARyGnTZL44HLQ
東京,スターバックスコーヒー 二子玉川 蔦屋家電店,日本、〒158-0094 東京都世田谷区玉川１丁目１４−１ 二子玉川ライズ S.C. テラスマーケット,ChIJE7vnfUD0GGARsj_FIKKRDQg
東京,スターバックスコーヒー 日本橋スルガビル店,日本、〒103-0022 東京都中央区日本橋室町１丁目７−１ スルガビル 1F,ChIJjTjveVaJGGAR4SmOJrjRnRs
東京,スターバックスコーヒー 日本大学板橋病院店,日本、〒173-0032 東京都板橋区大谷口上町３０−１ 板橋病院,ChIJL9eiz8qSGGARQvBENg5kTSw
東京,スターバックスコーヒー 白金高輪店,日本、〒108-0072 東京都港区白金１丁目１７−２−１０２ アエルシティ,ChIJNSy4XqiLGGARANBq80u4xlM
東京,スターバックスコーヒー 飯田橋サクラテラス 2階店,日本、〒102-0071 東京都千代田区富士見２丁目１０−２ 飯田橋グラン・ブルーム サクラテラス,ChIJq7xQFEOMGGARrjGeqTCfNts
東京,スターバックスコーヒー 飯田橋サクラテラス店,日本、〒102-0071 東京都千代田区富士見２丁目１０−２,ChIJQ9NqLkOMGGARRyTTNh5xoYg
東京,スターバックスコーヒー 飯田橋軽子坂店,日本、〒162-0824 東京都新宿区揚場町２−１ 軽子坂ＭＮビル 1F,ChIJ0dy_KUWMGGARS6CZRDFj-cw
東京,スターバックスコーヒー 表参道ヒルズ店,日本、〒150-0001 東京都渋谷区神宮前４丁目１２−１０ 表参道ヒルズ,ChIJo9MxHOKNGGARhHNLkEvFRTM
東京,スターバックスコーヒー 武蔵小山店,日本、〒142-0062 東京都品川区小山３丁目１５−１ パークシティ武蔵小山ザ モール,ChIJvzxx0USLGGARsZsVelyXvEg
東京,スターバックスコーヒー 豊洲センタービル店,日本、〒135-6090 東京都江東区豊洲３丁目３−３ 豊洲センタービル 1F,ChIJx7U7yaOJGGARVT1wXVmmXM8
東京,スターバックスコーヒー 北の丸スクエア店,日本、〒102-0073 東京都千代田区九段北１丁目１３−１２ 北の丸スクエア,ChIJf9IQHWuMGGAR3tH7Sw31YX0
東京,スターバックスコーヒー 麻布十番店,日本、〒106-0045 東京都港区麻布十番１丁目１１−１４ ＳＢＳビル,ChIJuXDmXp-LGGAR5V08Mol7PAg
東京,スターバックスコーヒー 明大前店,日本、〒156-0043 東京都世田谷区松原２丁目４６−５ Ｒｙｕ’ｓビル １F,ChIJp0WQK6jzGGARPNCho7o9Fjs
東京,スターバックスコーヒー 明大前店,日本、〒156-0043 東京都世田谷区松原２丁目４６−５ Ｒｙｕ’ｓビル １F,ChIJp0WQK6jzGGARPNCho7o9Fjs
東京,スターバックスコーヒー 木場イトーヨーカドー店,日本、〒135-0042 東京都江東区木場１丁目５−３０ イトーヨーカドー木場店 1F,ChIJ5TpY2weJGGAR6QiZQ_ucUQs
東京,スターバックスコーヒー 雷門店,日本、〒111-0032 東京都台東区浅草１丁目１８−２ 雷門旅館,ChIJ-_0N-w2PGGARuKkop5X4Nkk
東京,スターバックスコーヒー 六本木 蔦屋書店,日本、〒106-0032 東京都港区六本木６丁目１１−１ ゲートタワ,ChIJT1bQAXaLGGAREfWJSKaY6_w
東京,ドトール コーヒーショップ中板橋北口店,日本、〒173-0016 東京都板橋区中板橋２３−２,ChIJORiIJcySGGARR7afOLg7t7c
東京,ドトールコーヒーショップ アレア品川店,日本、〒108-0075 東京都港区港南１丁目９−３６ ２Ｆ,ChIJSRb_CVCKGGARVfQjeX0XGbE
東京,ドトールコーヒーショップ イトーヨーカドー曳舟店,日本、〒131-0046 東京都墨田区京島１丁目２−１ イトーヨーカドー曳舟店 1F,ChIJV3ercOiPGGARAk9kTURsHzw
東京,ドトールコーヒーショップ エキア北千住店,日本、〒120-0026 東京都足立区千住旭町４２−１ コンコース 東武北千住駅 ２Ｆ,ChIJ0X7KqE-OGGARlhLA1tYtfnk
東京,ドトールコーヒーショップ エミオ中村橋店,日本、〒176-0023 東京都練馬区中村北４丁目２−１４ エミオ中村橋,ChIJoTBa9rDtGGARF7LyB38M7g0
東京,ドトールコーヒーショップ ゲートシティ大崎店,日本、〒141-0032 東京都品川区大崎１丁目１１−１ ウエストタワー ３Ｆ,ChIJYz-jdfWKGGAReBFRD7JNvT4
東京,ドトールコーヒーショップ サンライズ蒲田店,日本、〒144-0051 東京都大田区西蒲田７丁目６２−４,ChIJIcSgFF1gGGARALRLSW2_h1A
東京,ドトールコーヒーショップ リヴィン オズ大泉店,日本、〒178-0063 東京都練馬区東大泉２丁目１０−１１,ChIJbYDwybvuGGARc9hzk_KY3lU
東京,ドトールコーヒーショップ リバーサイド隅田セントラルタワー店,日本、〒131-0034 東京都墨田区堤通１丁目１９−９ リバーサイド隅田 セントラルタワ １Ｆ,ChIJZy420-OOGGARb5vg4U9a4Sw
東京,ドトールコーヒーショップ 羽田空港店,日本、〒144-0041 東京都大田区羽田空港３丁目３−２ 第１旅客ターミナルビル駅 Ｂ１コンコ‐ス 東京モノレール 羽田空港,ChIJQwYLcfdjGGARwn_PT5eQu_4
東京,ドトールコーヒーショップ 荻窪南口店,日本、〒167-0051 東京都杉並区荻窪５丁目２９−７,ChIJhRWaC_ftGGARyfQzcpbLt9U
東京,ドトールコーヒーショップ 荻窪北口大通り店,日本、〒167-0043 東京都杉並区上荻１丁目１６−１７,ChIJxaWKBvrtGGARWV3mUFc1tao
東京,ドトールコーヒーショップ 下井草店,日本、〒167-0022 東京都杉並区下井草２丁目４０−１７,ChIJG2a7gsHtGGARk-HPCf-9MzA
東京,ドトールコーヒーショップ 外神田１丁目店,日本、〒101-0021 東京都千代田区外神田１丁目６−６,ChIJd50aRRyMGGARvomrfrvV6ZY
東京,ドトールコーヒーショップ 葛西駅前店,日本、〒134-0083 東京都江戸川区中葛西５丁目３４−１１,ChIJ9WplaPKHGGARxxGH7SQpciA
東京,ドトールコーヒーショップ 蒲田アロマスクエア店,日本、〒144-0052 東京都大田区蒲田５丁目３７−１,ChIJK-Le2oNhGGARMmnfNVoHKF0
東京,ドトールコーヒーショップ 茅場町店,日本、〒103-0025 東京都中央区日本橋茅場町２丁目７−４,ChIJPTvtOuGJGGARCxVbLXx5P3c
東京,ドトールコーヒーショップ 菊川店,日本、〒130-0024 東京都墨田区菊川２丁目５−６,ChIJ1xn_mySJGGARJZF5t4rJ5js
東京,ドトールコーヒーショップ 錦糸町錦糸公園前店,日本、〒130-0013 東京都墨田区錦糸３丁目４−９ 錦糸ツムラ３,ChIJM9kGxteIGGAR-Dfz3KeGzUE
東京,ドトールコーヒーショップ 錦糸町北口店,日本、〒130-0013 東京都墨田区錦糸３丁目２−１ １Ｆ,ChIJVVUpIjCJGGARY3iQ9Yq44HI
東京,ドトールコーヒーショップ 銀座６丁目店,日本、〒104-0061 東京都中央区銀座６丁目１３−６,ChIJ5VyXqOeLGGARRTOWoDztASY
東京,ドトールコーヒーショップ 銀座柳通り店,日本、〒104-0061 東京都中央区銀座１丁目９−１２,ChIJq7J84-OLGGARvhjlDPtQSps
東京,ドトールコーヒーショップ 九段店,日本、〒102-0074 東京都千代田区九段南２丁目２−８ 松岡九段ビル １Ｆ,ChIJDVdSfmmMGGARn19s9XYBdOY
東京,ドトールコーヒーショップ 駒沢大学駅前店,日本、〒154-0011 東京都世田谷区上馬３丁目１８−１２,ChIJU1vAR5D0GGARVfl8JORSLlc
東京,ドトールコーヒーショップ 恵比寿駅前店,日本、〒150-0022 東京都渋谷区恵比寿南１丁目４−１ １階～４階 恵比寿Keiビル,ChIJdR6lV0CLGGAR8RUdBaBJcDI
東京,ドトールコーヒーショップ 原宿店,日本、〒150-0001 東京都渋谷区神宮前１丁目１３−１８ 第２ 大英ビル,ChIJ0yJ1LqWMGGARKzPTHLYMoUc
東京,ドトールコーヒーショップ 戸越銀座店,日本、〒142-0051 東京都品川区平塚１丁目８−１,ChIJN7FlZumKGGARPetyYdhwmq4
東京,ドトールコーヒーショップ 虎ノ門桜田通り店,日本、〒105-0001 東京都港区虎ノ門２丁目５−４,ChIJE_ckF5KLGGAREiQVS_4yBDk
東京,ドトールコーヒーショップ 五反野駅前店,日本、〒120-0015 東京都足立区足立３丁目３３−３,ChIJb9TmJTKOGGARJOTUzVj6JQU
東京,ドトールコーヒーショップ 御嶽山店,日本、〒145-0073 東京都大田区北嶺町３２−１３,ChIJ-0M4fVD1GGARoqo4TttKH60
東京,ドトールコーヒーショップ 光が丘店,日本、〒179-0072 東京都練馬区光が丘２丁目１０−１,ChIJLe3bUxXsGGARy9nmxVM2HL0
東京,ドトールコーヒーショップ 江戸川橋新目白通り店,日本、〒112-0014 東京都文京区関口１丁目４７,ChIJgzlGTwCNGGARwF6yK-Ka0Oo
東京,ドトールコーヒーショップ 高井戸店,日本、〒168-0071 東京都杉並区高井戸西２丁目１−２６ 京王リトナード高井戸 ２階,ChIJQ9ptMRnyGGARwn32Hyn9gxg
東京,ドトールコーヒーショップ 麹町店,日本、〒102-0083 東京都千代田区麹町３丁目４ 啓ビル １Ｆ,ChIJ61lGpWSMGGARi3cQeZGVRoI
東京,ドトールコーヒーショップ 桜上水店,日本、〒156-0045 東京都世田谷区桜上水４丁目１７−４,ChIJGRYe3rTzGGARTkbz2b2wfDA
東京,ドトールコーヒーショップ 桜新町店,日本、〒154-0015 東京都世田谷区桜新町１丁目１２−９,ChIJhSTe7Hv0GGARaNLbyHNIHWI
東京,ドトールコーヒーショップ 雑色店,日本、〒144-0055 東京都大田区仲六郷２丁目２８−４,ChIJt4gUhvNgGGAR_rWKOPm8NtY
東京,ドトールコーヒーショップ 三軒茶屋キャロットタワー店,日本、〒154-0004 東京都世田谷区太子堂４丁目１−１,ChIJcTpyFp_0GGAR0535swjMCEQ
東京,ドトールコーヒーショップ 自由が丘店,日本、〒152-0035 東京都目黒区自由が丘２丁目１１−６,ChIJ9SzM_R71GGARm6rtsnf0j24
東京,ドトールコーヒーショップ 篠崎店,日本、〒133-0061 東京都江戸川区篠崎町２丁目６−１ ビザプロバンス篠崎,ChIJBZNUFP2GGGARwUWDh6O8mB0
東京,ドトールコーヒーショップ 芝浦３丁目店,日本、〒108-0023 東京都港区芝浦３丁目１１−７ 根本ビル,ChIJq6pO1bSLGGARLhwcQNbyrPM
東京,ドトールコーヒーショップ 芝公園店,日本、〒105-0014 東京都港区芝３丁目４−１１,ChIJx-90yLmLGGAR0TnTF_AxDL4
東京,ドトールコーヒーショップ 秋葉原和泉橋店,日本、〒101-0033 東京都千代田区神田岩本町１ 山上ビル,ChIJS0N2rKmOGGARa9k51R5vc7g
東京,ドトールコーヒーショップ 十条銀座店,日本、〒114-0031 東京都北区十条仲原１丁目４−７,ChIJ3Z_ghe2SGGARw1UOP41aYlI
東京,ドトールコーヒーショップ 渋谷１丁目店,日本、〒150-0002 東京都渋谷区渋谷１丁目１４−１５,ChIJ0_O8DFiLGGARIMS75pBB_ug
東京,ドトールコーヒーショップ 渋谷３丁目北店,日本、〒150-0002 東京都渋谷区渋谷３丁目６−２ エクラート渋谷ビル,ChIJ6YcPa1mLGGARletUpP9R27s
東京,ドトールコーヒーショップ 渋谷センター街店,日本、〒150-0042 東京都渋谷区宇田川町２８−２,ChIJIWrYsKmMGGARe6nIG7v2hrw
東京,ドトールコーヒーショップ 初台南口店,日本、〒151-0061 東京都渋谷区初台１丁目５３−１ 京王初台駅ビル １Ｆ,ChIJxVe2GDLzGGARrYi4YGkbecE
東京,ドトールコーヒーショップ 初台北口店,日本、〒151-0071 東京都渋谷区本町１丁目２−３,ChIJ-4QH_jHzGGAR1lG9jswy7CE
東京,ドトールコーヒーショップ 勝どき店,日本、〒104-0054 東京都中央区勝どき１丁目７−１,ChIJ25gCdHyJGGARu4B6JJcojGw
東京,ドトールコーヒーショップ 沼袋店,日本、〒165-0025 東京都中野区沼袋３丁目２７−１０,ChIJeyCpAWPtGGAR83BbcMgQl_k
東京,ドトールコーヒーショップ 上野昭和通り店,日本、〒110-0015 東京都台東区東上野２丁目１８−６ ときわビル １Ｆ,ChIJxweIPZ-OGGARHM54PsUOVEw
東京,ドトールコーヒーショップ 上野浅草通り店,日本、〒110-0015 東京都台東区東上野４丁目２−３,ChIJWVnfIZmOGGARBgfqGrRWdOI
東京,ドトールコーヒーショップ 新橋外堀通り店,日本、〒105-0004 東京都港区新橋１丁目１６−４,ChIJXVZ4jIuLGGARyLPSeA7_uKs
東京,ドトールコーヒーショップ 新高円寺店,日本、〒166-0011 東京都杉並区梅里２丁目１−１７,ChIJM4RdeGHyGGAR00FiP6uDdxo
東京,ドトールコーヒーショップ 新宿１丁目南店,日本、〒160-0022 東京都新宿区新宿１丁目２０−４,ChIJIRf1z-mMGGAR-pMd7dNTW2g
東京,ドトールコーヒーショップ 新宿京王モールアネックス店,日本、〒160-0023 東京都新宿区西新宿１−１９,ChIJw464ndGMGGARU2OkJcdNiE8
東京,ドトールコーヒーショップ 新宿文化センター通り店,日本、〒160-0022 東京都新宿区新宿５丁目１８−１０,ChIJAQCwVNyMGGARHt0RehEUneQ
東京,ドトールコーヒーショップ 新宿野村ビル店,日本、〒160-0023 東京都新宿区西新宿１丁目２６−２ 新宿野村ビルＢ１Ｆ,ChIJjT9OwtWMGGARX8Q9XoWjO4k
東京,ドトールコーヒーショップ 新宿靖国通り店,日本、〒160-0021 東京都新宿区歌舞伎町１丁目２３−１５,ChIJsz_ne9eMGGARBhEYMIk22q0
東京,ドトールコーヒーショップ 新小岩ルミエール店,日本、〒124-0024 東京都葛飾区新小岩１丁目４９−２,ChIJTcfn2L-HGGARf_GECQmFg_4
東京,ドトールコーヒーショップ 新川１丁目店,日本、〒104-0033 東京都中央区新川１丁目４−１１,ChIJv1aLh1yJGGARUTe4Jh6GxhQ
東京,ドトールコーヒーショップ 神谷町店,日本、〒105-0001 東京都港区虎ノ門４丁目１−１０ 青木ビル １Ｆ,ChIJ6WaFJ5GLGGARe_LDpL_LHDw
東京,ドトールコーヒーショップ 神田北口店,日本、〒101-0047 東京都千代田区内神田３丁目２０−３ 小鍛冶ビル,ChIJT7kJLwKMGGARewVS3gXjqY4
東京,ドトールコーヒーショップ 神田和泉町店,日本、〒101-0024 東京都千代田区神田和泉町１−２−１９ 石井ビル １Ｆ,ChIJ5VdSJKaOGGAR1gPWg2i62wI
東京,ドトールコーヒーショップ 神保町３丁目店,日本、〒101-0051 東京都千代田区神田神保町３丁目２,ChIJpevAiRSMGGARJ3j_AniCivM
東京,ドトールコーヒーショップ 神保町すずらん通り店,日本、〒101-0051 東京都千代田区神田神保町１丁目１７,ChIJwfQm_hCMGGARfFbsYYelHYo
東京,ドトールコーヒーショップ 神保町駅前店,日本、〒101-0051 東京都千代田区神田神保町１丁目１０−１,ChIJq-tfOBGMGGARFR9OxPRRFrc
東京,ドトールコーヒーショップ 神保町白山通り店,日本、〒101-0051 東京都千代田区神田神保町２丁目１４−４,ChIJb1NJHRSMGGARQHQ71gBl4Dg
東京,ドトールコーヒーショップ 人形町箱崎店,日本、〒103-0015 東京都中央区日本橋箱崎町２５−１,ChIJ8935c0SJGGARhCVO_tyMrM8
東京,ドトールコーヒーショップ 水道橋東口店,日本、〒101-0061 東京都千代田区神田三崎町２丁目１−１６ プラージュビル １Ｆ,ChIJxaFliBWMGGARsF0TD5NiBH0
東京,ドトールコーヒーショップ 瑞江店,日本、〒132-0014 東京都江戸川区東瑞江１丁目２６−１４ 小原ビル １階,ChIJPbUycQiHGGAR1dOkRuOolOw
東京,ドトールコーヒーショップ 西葛西南口店,日本、〒134-0088 東京都江戸川区西葛西６丁目１６−４,ChIJYSnLVeGHGGARXK1eiTtBvWM
東京,ドトールコーヒーショップ 西小山駅前店,日本、〒142-0062 東京都品川区小山６丁目３−９ ウエストヴィレッジビルディング １Ｆ,ChIJ-Wyv_9CKGGARcD_DwAEqvWs
東京,ドトールコーヒーショップ 西新井西口店,日本、〒123-0843 東京都足立区西新井栄町２丁目３−１,ChIJsS1gXgiRGGARtVXtMbRofhU
東京,ドトールコーヒーショップ 西新宿３丁目店,日本、〒160-0023 東京都新宿区西新宿３丁目１−５,ChIJYSuFtNOMGGARMhRNEl7VQtI
東京,ドトールコーヒーショップ 西池袋１丁目メトロポリタン通り店,日本、〒171-0021 東京都豊島区西池袋１丁目９−１１ カーサ池袋 １Ｆ,ChIJpfRW-1yNGGARLGPItXo1llY
東京,ドトールコーヒーショップ 西武新宿北口店,日本、〒160-0021 東京都新宿区歌舞伎町２丁目４６−７ 第3平沢ビル １階～２階,ChIJcY_VbSiNGGAR-rZBzDGVK6A
東京,ドトールコーヒーショップ 西武大泉学園駅店,日本、〒178-0063 東京都練馬区東大泉１丁目２９−７,ChIJ3w-8UsbuGGARf5O7hpMsBmw
東京,ドトールコーヒーショップ 西武池袋駅店,日本、〒171-0022 東京都豊島区南池袋１丁目２８ 西武池袋駅構内,ChIJZxYJVl2NGGAR-QcteH_ks-4
東京,ドトールコーヒーショップ 青物横丁店,日本、〒140-0004 東京都品川区南品川２丁目５−９,ChIJeR9Z61qLGGARgLM-spGL5u8
東京,ドトールコーヒーショップ 石神井公園駅前店,日本、〒177-0041 東京都練馬区石神井町３丁目２０−１５ アジュールビル １Ｆ・２Ｆ,ChIJvXPP8NSiJhURAAcYEuWyZoQ
東京,ドトールコーヒーショップ 千歳烏山店,日本、〒157-0062 東京都世田谷区南烏山４丁目１２−５ ＴＳ烏山ビル,ChIJBdZQQo7xGGARDNQ4ArKwRwc
東京,ドトールコーヒーショップ 千歳烏山南口店,日本、〒157-0062 東京都世田谷区南烏山５丁目１２−３,ChIJv6iSDI_xGGARmCstKoACiGg
東京,ドトールコーヒーショップ 千駄ヶ谷１丁目店,日本、〒151-0051 東京都渋谷区千駄ケ谷１丁目２１−１４,ChIJeS0RRL6MGGARLYpD48ua9QM
東京,ドトールコーヒーショップ 浅草ＲＯＸ店,日本、〒111-0032 東京都台東区浅草１丁目２５−１５,ChIJ7cb_gr-OGGAR1yVYU5JpLUA
東京,ドトールコーヒーショップ 浅草田原町店,日本、〒111-0035 東京都台東区西浅草１丁目１−１６ カーサ田原町,ChIJYz6gL7-OGGARvVPXIWMm-K8
東京,ドトールコーヒーショップ 洗足駅前店,日本、〒152-0012 東京都目黒区洗足２丁目２１−１,ChIJERGZl82KGGARCeyujwsGNRg
東京,ドトールコーヒーショップ 代々木店,日本、〒151-0053 東京都渋谷区代々木１丁目３６−７ 代々木駅前ビル １Ｆ,ChIJfx_b98WMGGARqNNJT5BU3kU
東京,ドトールコーヒーショップ 大森店,日本、〒143-0016 東京都大田区大森北１丁目５−５,ChIJVejHbDJgGGARPG5GR9Qh1R8
東京,ドトールコーヒーショップ 大泉学園北口店,日本、〒178-0063 東京都練馬区東大泉１丁目３０−４ 三幸産業第７ビル １Ｆ,ChIJVVUJS8buGGARNg9yJzGet5o
東京,ドトールコーヒーショップ 池袋グリーン大通り店,日本、〒171-0022 東京都豊島区南池袋２丁目２９−１２ ＨＦ池袋ビルディング １Ｆ,ChIJ7-tU32iNGGAR184_UJ_rTHc
東京,ドトールコーヒーショップ 築地聖路加通り店,日本、〒104-0045 東京都中央区築地３丁目７−１,ChIJs0U5zmGJGGAR_REhDZGabSc
東京,ドトールコーヒーショップ 竹の塚店,日本、〒121-0813 東京都足立区竹の塚６丁目８−４ ピーくんプラザビル １Ｆ,ChIJlexgOpaRGGAROzF9AL1w3n4
東京,ドトールコーヒーショップ 竹橋店,日本、〒100-0003 東京都千代田区一ツ橋１丁目１−１ パレスサイドビル Ｂ１Ｆ,ChIJ53NJO5-NGGAR_IlB-9Tnz70
東京,ドトールコーヒーショップ 中延駅前店,日本、〒142-0053 東京都品川区中延４丁目５−３,ChIJ1RQs65WKGGARjVIsoo5GSJw
東京,ドトールコーヒーショップ 中野サンモール店,日本、〒164-0001 東京都中野区中野５丁目６１−７,ChIJ3e2N7ALzGGAR_mAk2CM-3YM
東京,ドトールコーヒーショップ 町屋駅前店,日本、〒116-0002 東京都荒川区荒川７丁目５０−９ センター町屋 １Ｆ,ChIJ8curKXKOGGARcuUGXOOlnCM
東京,ドトールコーヒーショップ 長原店,日本、〒145-0064 東京都大田区上池台１丁目３２−３,ChIJWe7zXLaKGGARUfS_J74Vvbk
東京,ドトールコーヒーショップ 田町センタービル店,日本、〒108-0014 東京都港区芝５丁目３４−７ 田町センタービル,ChIJq5___bOLGGARWDl63Dl9ZDc
東京,ドトールコーヒーショップ 東高円寺店,日本、〒166-0003 東京都杉並区高円寺南１丁目７−１ 陽輪台高円寺 Ｂ１Ｆ,ChIJs7wLKI3yGGARoD06khnBH_A
東京,ドトールコーヒーショップ 東日本橋店,日本、〒103-0004 東京都中央区東日本橋２丁目１−６,ChIJh2nUGk2JGGARNO5BvvVfa9o
東京,ドトールコーヒーショップ 東武北千住駅下りホーム店,日本、〒120-0026 東京都足立区千住旭町４２−１,ChIJb-tHTSaPGGARiuQez7_NLP4
東京,ドトールコーヒーショップ 東陽町店,日本、〒135-0016 東京都江東区東陽４丁目５−１８,ChIJ6YSM-VWIGGARmqoaunb3yMQ
東京,ドトールコーヒーショップ 南青山５丁目店,日本、〒107-0062 東京都港区南青山５丁目４−３１,ChIJsRg_4WCLGGARR7REiDqbfUI
東京,ドトールコーヒーショップ 南池袋１丁目店,日本、〒171-0022 東京都豊島区南池袋１丁目２１−７,ChIJrVWf4meNGGARQRGUy73F18o
東京,ドトールコーヒーショップ 日暮里駅前店,日本、〒116-0013 東京都荒川区西日暮里２丁目１９−７ 東忠ビル １Ｆ,ChIJh41JvtWNGGARDmypUWTCFRU
東京,ドトールコーヒーショップ 日本橋仲通り店,日本、〒103-0022 東京都中央区日本橋室町１丁目１２−１,ChIJBbHfzlWJGGARnqpPo9QQjPE
東京,ドトールコーヒーショップ 日本橋馬喰町店,日本、〒103-0002 東京都中央区日本橋馬喰町１丁目６−１,ChIJcQDuu7SPGGARkjpe0A-FyKs
東京,ドトールコーヒーショップ 日本橋本町店,日本、〒103-0023 東京都中央区日本橋本町２丁目３−１５,ChIJ0WRx_1SJGGARNC9_zR8jdCk
東京,ドトールコーヒーショップ 梅屋敷店,日本、〒143-0015 東京都大田区大森西６丁目１４−１３,ChIJCTMkJlJgGGAReqeZlSJagak
東京,ドトールコーヒーショップ 幡ヶ谷店,日本、〒151-0072 東京都渋谷区幡ケ谷１丁目３４−１４,ChIJQ_iXFTvzGGARuD2APusdG10
東京,ドトールコーヒーショップ 半蔵門店,日本、〒102-0083 東京都千代田区麹町１丁目８−８ グランドメゾン麹町 １Ｆ,ChIJWTq4rHqMGGARXXZ3j077N2s
東京,ドトールコーヒーショップ 浜松町１丁目店,日本、〒105-0013 東京都港区浜松町１丁目２９−９ FA小林ビル,ChIJWwW68MaLGGARpHg1VDuMr6g
東京,ドトールコーヒーショップ 浜松町２丁目店,日本、〒105-0013 東京都港区浜松町２丁目６−２ 浜松町262ビル １Ｆ,ChIJcUxxLMaLGGARvZjg5OJGi_k
東京,ドトールコーヒーショップ 不動前店,日本、〒141-0031 東京都品川区西五反田５丁目１２−１,ChIJvU5O-OCKGGAR2NF47tpr-ys
東京,ドトールコーヒーショップ 不動前店,日本、〒141-0031 東京都品川区西五反田５丁目１２−１,ChIJvU5O-OCKGGAR2NF47tpr-ys
東京,ドトールコーヒーショップ 富士見台店,日本、〒176-0021 東京都練馬区貫井３丁目７−４ エミオ富士見台 １Ｆ,ChIJ__-_48ntGGARcVXj71Uln-M
東京,ドトールコーヒーショップ 武蔵小山店,日本、〒142-0062 東京都品川区小山３丁目２２−１７,ChIJ-dPSltuKGGARk02QUJhFp_c
東京,ドトールコーヒーショップ 平井北口店,日本、〒132-0035 東京都江戸川区平井３丁目３０−３５,ChIJYxIRj7qIGGARK9aApqbrMzw
東京,ドトールコーヒーショップ 本郷三丁目店,日本、〒113-0033 東京都文京区本郷２丁目４０−１８,ChIJK1yoeDuMGGAR9AeIq1Emzic
東京,ドトールコーヒーショップ 本所吾妻橋店,日本、〒130-0001 東京都墨田区吾妻橋２丁目３−１１,ChIJ-9esJdCOGGARYBqvfhShU7I
東京,ドトールコーヒーショップ 木場店,日本、〒135-0016 東京都江東区東陽３丁目７,ChIJK14CIwGJGGARQTgqg53oTuE
東京,ドトールコーヒーショップ 目白駅前店,日本、〒171-0031 東京都豊島区目白３丁目１４−３ グロワルビル,ChIJ-z8ZB0SNGGARFviInTsiagU
東京,ドトールコーヒーショップ 有楽町日比谷口店,日本、〒100-0006 東京都千代田区有楽町１丁目３−７,ChIJN4IwuO-LGGARsmYC-2lSzew
東京,ドトールコーヒーショップ 用賀店,日本、〒158-0097 東京都世田谷区用賀２丁目３８−１１,ChIJeXT60HP0GGAR0ksSBHZC-q8
東京,ドトールコーヒーショップ 要町店,日本、〒171-0043 東京都豊島区要町１丁目９−３,ChIJcc1tu6mSGGARzLl1e3evB84
東京,ドトールコーヒーショップ 溜池山王店,日本、〒107-0052 東京都港区赤坂１丁目５−１４,ChIJvQ2hb4-LGGAR1Y31KQ12LM0
東京,ドトールコーヒーショップ 両国東口店,日本、〒130-0026 東京都墨田区両国３丁目２６−５,ChIJj8ssYjWJGGARu8HxQ0G324w
東京,ドトールコーヒーショップ 練馬高野台店,日本、〒177-0033 東京都練馬区高野台１丁目７−３２,ChIJPy-Qli7sGGARJX3lsvupj9k
東京,ドトールコーヒーショップ錦糸町店,日本、〒130-0022 東京都墨田区江東橋４丁目２７−１４ 楽天地ビル １階,ChIJPRnCKNiIGGARLCs5x7jo8tM
東京,ドトールコーヒーショップ新宿青梅街道店,日本、〒160-0023 東京都新宿区西新宿７丁目２０−３,ChIJcVjr89WMGGAR15Pl2o-qGSI
東京,ドトールコーヒーショップ有明セントラルタワー店,日本、〒135-0063 東京都江東区有明３丁目７−１８ 有明セントラルタワー 1F,ChIJVVUVWt2JGGAR7RoYv2vXbz4