都道府県,施設名,住所,place_id
東京,足立区立興本図書館,日本、〒123-0844 東京都足立区興野１丁目１８−３８,ChIJz5QJ2PyRGGAR02TW5og-Puc
東京,足立区立中央図書館,日本、〒120-0034 東京都足立区千住５丁目１３−５,ChIJGYxmFDiOGGAR1zxB4najZbg
東京,足立区立梅田図書館,日本、〒123-0851 東京都足立区梅田７丁目１３−１,ChIJGSOgLiSOGGAR01Yq301MMjc
東京,足立区立江北図書館,日本、〒123-0872 東京都足立区江北３丁目３９−４,ChIJ2wL1dz2SGGARhlujZf6nJqk
東京,足立区立伊興図書館,日本、〒121-0823 東京都足立区伊興２丁目４−２２,ChIJdToQr4-RGGAR5sEYkuWl-Ws
東京,足立区立鹿浜図書館,日本、〒123-0864 東京都足立区鹿浜６丁目８−１ 地域学習センター内,ChIJvbHkpTCSGGARLnLPgZVtcno
東京,足立区立竹の塚図書館,日本、〒121-0813 東京都足立区竹の塚２丁目２５−１７,ChIJ6_MhQL6RGGAR-WV_xgKR2VA
東京,興本地域学習センター,日本、〒123-0844 東京都足立区興野１丁目１８−３８,ChIJV8Z91eKRGGARTz5h9VH3O2g
東京,足立区立新田コミュニティ図書館,日本、〒123-0865 東京都足立区新田２丁目２−２ 都営新田二丁目第２アパート２号棟,ChIJZesB7luSGGAR0XAMfZlXorE
東京,足立区役所,日本、〒120-8510 東京都足立区中央本町１丁目１７−１,ChIJzfaW4deRGGARSO6hjsq-lqI
東京,足立区立東和図書館,日本、〒120-0003 東京都足立区東和３丁目１２−９,ChIJC44Lp-yPGGARSKRRr7csT5U
東京,足立区立江南コミュニティ図書館,日本、〒120-0046 東京都足立区小台２丁目４−１８,ChIJp68ieguSGGAR6poYcxwwNZ0
東京,足立区立保塚図書館,日本、〒121-0072 東京都足立区保塚町７−１６ 保塚地域学習センター内,ChIJcXsPBi2QGGARJKEjB_eevOQ
東京,足立区こども未来創造館,日本、〒123-0842 東京都足立区栗原１丁目３−１,ChIJOzmk9uiRGGARTXzNAFA5NOU
東京,足立区立舎人図書館,日本、〒121-0831 東京都足立区舎人１丁目３−２６ 足立区舎人センター,ChIJWZfKfn2RGGARqxdAT1wA_e8
東京,足立区立花畑図書館,日本、〒121-0061 東京都足立区花畑４丁目１６−８ 足立区花畑地域学習センター,ChIJu3fqwrGRGGARfeaExHMeg84
東京,エルソフィア,日本、〒123-0851 東京都足立区梅田７丁目３３−１ Ｌ・ソフィア,ChIJicyQzSCOGGARgs9joiuaaW4
東京,足立区生涯学習総合施設（学びピア21）,日本、〒120-0034 東京都足立区千住５丁目１３−５,ChIJvffsdqSPGGARrTUCpJ4lxE0
東京,足立区 男女参画プラザ,日本、〒123-0851 東京都足立区梅田７丁目３３−１ Ｌ・ソフィア,ChIJicyQzSCOGGAR89lztdVzAj4
東京,足立区生涯学習センター,日本、〒120-0034 東京都足立区千住５丁目１３−５,ChIJA_yeFDiOGGARhwBKoSygWRs
東京,荒川区立図書館 ゆいの森あらかわ,日本、〒116-0002 東京都荒川区荒川２丁目５０−１,ChIJD0UF8G-OGGARy5oZMjEwzLw
東京,荒川区立尾久図書館,日本、〒116-0012 東京都荒川区東尾久８丁目４５−４,ChIJn_WwO6aNGGARvD576-K02is
東京,荒川区立日暮里図書館,日本、〒116-0014 東京都荒川区東日暮里６丁目３８−４,ChIJrRCF0XiOGGARwIH9Mgvw0QA
東京,荒川区立町屋図書館,日本、〒116-0001 東京都荒川区町屋５丁目１１−１８,ChIJ9du5vA6OGGARrj8eZNGHR-0
東京,荒川区立南千住図書館,日本、〒116-0003 東京都荒川区南千住６丁目６３−１,ChIJ6T0UW16OGGAR1551Eez8ySw
東京,荒川区立冠新道図書サービスステーション,日本、〒116-0013 東京都荒川区西日暮里６丁目２５−１４ 佐々木ビル,ChIJKQSh5tiNGGARn7L_qVR4oJA
東京,東京都立大学図書館 荒川館,日本、〒116-0012 東京都荒川区東尾久７丁目２−１０,ChIJYTh3YeKNGGAReRfNAJM3-UU
東京,吉村昭記念文学館,日本、〒116-0002 東京都荒川区荒川２丁目５０−１,ChIJD0UF8G-OGGARYP3wMxiNbSk
東京,汐入図書サービスステーション,日本、〒116-0003 東京都荒川区南千住８丁目１２−５,ChIJGy1I0PiOGGAR47QO-y-fTR8
東京,なにかし堂,日本、〒116-0003 東京都荒川区南千住１丁目２５−１１,ChIJxZ9tqPSPGGAREOpXQ1Ca7ZI
東京,荒川区立中央図書館,日本、〒116-0002 東京都荒川区荒川４丁目２７−２ 荒川区立荒川図書館,ChIJfe65hXqOGGARjlDVZ_oer2c
東京,板橋区立中央図書館,日本、〒174-0071 東京都板橋区常盤台４丁目３−１,ChIJXU5mMdOSGGARzb08HTuPF74
東京,板橋区立東板橋図書館,日本、〒173-0003 東京都板橋区加賀１丁目１０−１５,ChIJ5TJGaZSSGGARhNYyLekaAx0
東京,板橋区立氷川図書館,日本、〒173-0013 東京都板橋区氷川町２８−９,ChIJXbYHYseSGGAR7I_ppTX-_TA
東京,板橋区立蓮根図書館,日本、〒174-0046 東京都板橋区蓮根３丁目１５−１ 都営蓮根三丁目アパート１号棟,ChIJ71FfvaTsGGAR4fc2AM3tOkA
東京,板橋区立西台図書館,日本、〒175-0045 東京都板橋区西台３丁目１３−２,ChIJ04Qg5ursGGARazQut8FWusY
東京,板橋区立清水図書館,日本、〒174-0055 東京都板橋区泉町１６−１６ 3階,ChIJ5_0y7tmSGGARanzaP3NOYjQ
東京,板橋区立志村図書館,日本、〒174-0051 東京都板橋区小豆沢１丁目８−１,ChIJq22_wCiTGGAR4iSXs3BAScE
東京,板橋区立成増図書館,日本、〒175-0094 東京都板橋区成増３丁目１３−１ アリエス3F,ChIJhygdf3XsGGARjJMabwfRU88
東京,板橋区立小茂根図書館,日本、〒173-0037 東京都板橋区小茂根１丁目６−２,ChIJ4T4hKjjtGGAROBPgH9iI6hE
東京,板橋区立高島平図書館,日本、〒175-0082 東京都板橋区高島平３丁目１３−１,ChIJ01fN4YLsGGARjnp78G-5050
東京,板橋区立いたばしボローニャ絵本館,日本、〒174-0071 東京都板橋区常盤台４丁目３−１,ChIJL5B228OSGGARobeYY8mfNTA
東京,北区立中央図書館,日本、〒114-0033 東京都北区十条台１丁目２−５,ChIJw-nzA4mSGGAR7-9I7qTTyOQ
東京,板橋区立赤塚図書館,日本、〒175-0092 東京都板橋区赤塚６丁目３８−１,ChIJxb9k43vsGGAR_tBNTA8hEoE
東京,板橋区役所前有料自習室yaneura365,"サンホワイトビル 6階, ２丁目-６４-５ 板橋 板橋区 東京都 173-0004 日本",ChIJz-UoXQmTGGAR8rpqvVU6bHA
東京,東京家政大学板橋図書館,日本、〒173-0003 東京都板橋区加賀１丁目１８−１,ChIJ-x0lPJKSGGAR1T8q13cnWtA
東京,北区立滝野川西図書館,日本、〒114-0023 東京都北区滝野川６丁目２１−２５ 5F,ChIJSW9jy4OSGGAR0kvzCPQ8mos
東京,板橋区公文書館,日本、〒173-0001 東京都板橋区本町２４−１,ChIJNSkU28OSGGARvotI0VWP-9I
東京,カフェ・ド・クリエプラス 板橋区立中央図書館店,日本、〒174-0071 東京都板橋区常盤台４丁目３−１ 板橋区立中央図書館 １階,ChIJufiftdntGGARJk10CPGH7CM
東京,北区立上十条図書館,日本、〒114-0034 東京都北区上十条３丁目３−９ 3階,ChIJvTy48eySGGAR4KNZaNtc6NA
東京,豊島区立上池袋図書館,日本、〒170-0012 東京都豊島区上池袋２丁目４５−１５,ChIJR8U0H2KNGGAR-m11kUJgVEE
東京,江戸川区清新町コミュニティ図書館,日本、〒134-0087 東京都江戸川区清新町１丁目２−２ 江戸川区清新町コミュニティ図書館,ChIJqeEBwOKHGGARqrVdGTX2wL4
東京,馬込図書館,日本、〒143-0027 東京都大田区中馬込２丁目２６−１０,ChIJExzQFaKKGGAR6ozNQwk8Nnw
東京,大田区立蒲田駅前図書館,日本、〒144-0052 東京都大田区蒲田５丁目１３−２６,ChIJi3WCoV5gGGARR2vmmTe9nQo
東京,大田区立洗足池図書館,日本、〒145-0063 東京都大田区南千束２丁目２−１０,ChIJ7ZM0WrWKGGARbf7GwpfLVxg
東京,蒲田図書館,日本、〒144-0031 東京都大田区東蒲田１丁目１９−２２,ChIJk8GLRlRgGGARZxwrpz3pL_k
東京,大田区立羽田図書館,日本、〒144-0043 東京都大田区羽田１丁目１１−１,ChIJFfN7nxdhGGARCIPJfbGgOZo
東京,大田区立大森西図書館,日本、〒143-0015 東京都大田区大森西５丁目２−１３,ChIJTX0KkU5gGGARluqwKsMu_pk
東京,大田区立池上図書館,日本、〒146-0082 東京都大田区池上６丁目３−１０ エトモ池上 4F,ChIJae8vvRFgGGARwh0o5aQaTH4
東京,大田区立入新井図書館,日本、〒143-0016 東京都大田区大森北１丁目１０−１４ ＬＵＺ大森 4F,ChIJ6dklRjJgGGARk_Y-RA_TISM
東京,大田区立久が原図書館,日本、〒146-0085 東京都大田区久が原２丁目２８−４,ChIJ-bt5tAZgGGARA_lePniYE0g
東京,大田文化の森 情報館,日本、〒143-0024 東京都大田区中央２丁目１０−１,ChIJ79q-vzlgGGARywz1Ew_naKc
東京,大田区立多摩川図書館,日本、〒146-0095 東京都大田区多摩川２丁目２４−６３,ChIJ36wqx2RgGGARhpqmuyWh6o8
東京,大田区立大森南図書館,日本、〒143-0013 東京都大田区大森南１丁目１７−７,ChIJw9RvqAdhGGARU6QTUn5VcPg
東京,大田区立六郷図書館,日本、〒144-0045 東京都大田区南六郷３丁目１０−３,ChIJ___PrO1gGGARvBeGNDm_SBA
東京,大田区立大森東図書館,日本、〒143-0012 東京都大田区大森東１丁目３１−３ 都営大森東一丁目アパート３号棟,ChIJVR_BCLFhGGARKwVAb-RuvOo
東京,大田区立浜竹図書館,日本、〒144-0034 東京都大田区西糀谷３丁目３２−７,ChIJ26hBYxthGGARYBaA98TjmS4
東京,大田区立下丸子図書館,日本、〒146-0092 東京都大田区下丸子２丁目１８−１１,ChIJC9JLDuFfGGARCM1vhuCZzM0
東京,大田区立大田図書館,日本、〒145-0076 東京都大田区田園調布南２５−１,ChIJz5Oo8Fv1GGARJ3Rnz0KzMB4
東京,東京工科大学メディアセンター図書館 (蒲田キャンパス),日本、〒144-0051 東京都大田区西蒲田５丁目２３−２２ 3号館,ChIJ5xTpX1BhGGAR0I1KhDQeMok
東京,品川区立大井図書館,日本、〒140-0014 東京都品川区大井５丁目１９−１４,ChIJb8zc0YGKGGARIprzpx5EAkU
東京,品川区立南大井図書館,日本、〒140-0013 東京都品川区南大井３丁目７−１３,ChIJA88fi9JhGGAR6JHuJUwXZxM
東京,葛飾区立中央図書館,日本、〒125-0042 東京都葛飾区金町６丁目２−１ ３階 ブライトコート,ChIJ99RER3SFGGAR4HxI0f6yWyQ
東京,葛飾区立立石図書館,日本、〒124-0012 東京都葛飾区立石１丁目９−１ エコライフプラザ 1F,ChIJZdTHomePGGARiow4Zk7Tdv0
東京,葛飾区立こすげ地区図書館,日本、〒124-0001 東京都葛飾区小菅３丁目８−２２,ChIJdfMhZ6WPGGARxGgrlXqSBr0
東京,葛飾区立上小松図書館,日本、〒124-0023 東京都葛飾区東新小岩３丁目１２−１ 都営東新小岩三丁目アパート １号棟 １階,ChIJJxehDQeGGGARdgKcNXwjfcY
東京,葛飾区立亀有図書館,日本、〒125-0061 東京都葛飾区亀有１丁目１７−５ 都営亀有１丁目アパート５号棟 １階,ChIJd7hnYYOPGGAREOLqaZyRQxY
東京,葛飾区立西水元地区図書館,日本、〒125-0031 東京都葛飾区西水元２丁目２−８ 1階,ChIJ526LJPqPGGARf1vgadi4n9M
東京,葛飾区立青戸地区図書館,日本、〒125-0062 東京都葛飾区青戸５丁目２０−６ ２階,ChIJjYwiZ32PGGAR_Bsbpv7Rqm4
東京,葛飾区立お花茶屋図書館,日本、〒124-0003 東京都葛飾区お花茶屋２丁目１−１５,ChIJ9eD673WPGGAR-Ck_sRfeMI0
東京,葛飾区立にいじゅく地区図書館,日本、〒125-0051 東京都葛飾区新宿３丁目７−１ 東京かつしか赤十字母子医療センター内 7番1号,ChIJzRA9fniFGGARpP1zCB0FCJE
東京,葛飾区立 鎌倉図書館,日本、〒125-0053 東京都葛飾区鎌倉２丁目４−５,ChIJOZ3o2cGFGGARcLrlUeVA4PE
東京,葛飾区立四つ木地区図書館,日本、〒124-0011 東京都葛飾区四つ木４丁目８−１ 1階,ChIJnw1-rWyPGGARDYhiuErb1Rc
東京,葛飾区立男女平等推進センター図書資料室,日本、〒124-0012 東京都葛飾区立石５丁目２７−１ ウィメンズパル,ChIJSaUXzXqPGGARlub5hJO1wI0
東京,葛飾区立水元図書館,日本、〒125-0033 東京都葛飾区東水元１丁目７−３,ChIJ11dY_WiFGGAR7UmonirJtLg
東京,葛飾区 リリオ亀有図書サービスカウンター,日本、〒125-0061 東京都葛飾区亀有３丁目２６−１ リリオ 館 ７階,ChIJo_D-O4-PGGARui4I8--hHM0
東京,東京理科大学葛飾図書館,日本、〒125-0051 東京都葛飾区新宿６丁目３−１,ChIJGaIj-2SFGGARxjyCCG341Rs
東京,葛飾区立奥戸地区図書館,日本、〒124-0022 東京都葛飾区奥戸３丁目５−１,ChIJu5BMH_qFGGARJ1c3dM1gk0k
東京,絵と言葉のライブラリー ミッカ,日本、〒125-0061 東京都葛飾区亀有３丁目２６−１ リリオ館7F,ChIJk0bxPI-PGGARYtZxF4japnQ
東京,葛飾区 新小岩図書サービスカウンター,日本、〒124-0024 東京都葛飾区新小岩１丁目４５−１ JR新小岩南口ビル 6F えきにこわ内,ChIJ20hrhu-HGGAR0AnHcfCKoqw
東京,足立区立東和図書館,日本、〒120-0003 東京都足立区東和３丁目１２−９,ChIJC44Lp-yPGGARSKRRr7csT5U
東京,図書館流通センター 葛飾営業所,日本、〒125-0053 東京都葛飾区鎌倉４丁目５−１ クリーン,ChIJQ-sDF8SFGGARohqpxKZmgg4
東京,北区立中央図書館,日本、〒114-0033 東京都北区十条台１丁目２−５,ChIJw-nzA4mSGGAR7-9I7qTTyOQ
東京,北区立滝野川図書館,日本、〒114-0024 東京都北区西ケ原１丁目２３−３,ChIJyRAo4o2NGGARCxJiP7ZQ7WA
東京,北区立赤羽図書館,日本、〒115-0044 東京都北区赤羽南１丁目１３−１,ChIJ8VSJDf2SGGARPP7IO81XMXU
東京,北区立中央図書館分室,日本、〒114-0003 東京都北区豊島１丁目１４−１２ 王子区民センター2階,ChIJJ90giGSSGGAREbr_ohxi8IA
東京,北区立東田端図書館,日本、〒114-0012 東京都北区田端新町２丁目１４−１５,ChIJtyv7fd2NGGARh4fXBBlTU_g
東京,北区立浮間図書館,日本、〒115-0051 東京都北区浮間４丁目２９−３２ 中学校複合施設 1階,ChIJt2b6AuuTGGARWFMjNAsnqAo
東京,北区立昭和町図書館,日本、〒114-0011 東京都北区昭和町３丁目１０−７,ChIJAwyqXIuNGGAR9mOeglxkcu0
東京,豊島図書館,日本、〒114-0003 東京都北区豊島３丁目２７−２２,ChIJYy02GnKSGGARG4D_E_VcDJU
東京,北区立神谷図書館,日本、〒115-0043 東京都北区神谷３丁目３５−１７,ChIJ86dUxPeSGGARMdtqGdti8m0
東京,北区立赤羽北図書館,日本、〒115-0052 東京都北区赤羽北１丁目１８−１,ChIJX0EwPBaTGGARyqZSIcXaeKc
東京,北区立滝野川西図書館,日本、〒114-0023 東京都北区滝野川６丁目２１−２５ 5F,ChIJSW9jy4OSGGAR0kvzCPQ8mos
東京,足立区立江北図書館,日本、〒123-0872 東京都足立区江北３丁目３９−４,ChIJ2wL1dz2SGGARhlujZf6nJqk
東京,北区立東十条図書館,日本、〒114-0001 東京都北区東十条３丁目２−１４,ChIJc8sJWfSSGGARXCE2z4bYjkQ
東京,北区立田端図書館,日本、〒114-0014 東京都北区田端３丁目１６−２,ChIJe1NlZcGNGGAR8Oxbilfn-Sk
東京,北区立上十条図書館,日本、〒114-0034 東京都北区上十条３丁目３−９ 3階,ChIJvTy48eySGGAR4KNZaNtc6NA
東京,北区立赤羽西図書館,日本、〒115-0055 東京都北区赤羽西５丁目７−５ 北区立赤羽西福祉作業所,ChIJoUHYOSCTGGAR6XU7-ZOulaY
東京,足立区立江南コミュニティ図書館,日本、〒120-0046 東京都足立区小台２丁目４−１８,ChIJp68ieguSGGAR6poYcxwwNZ0
東京,豊島区立駒込図書館,日本、〒170-0003 東京都豊島区駒込２丁目２−２,ChIJAZm6oJaNGGAR4mthy105q5c
東京,荒川区立尾久図書館,日本、〒116-0012 東京都荒川区東尾久８丁目４５−４,ChIJn_WwO6aNGGARvD576-K02is
東京,文京区立本駒込図書館,日本、〒113-0021 東京都文京区本駒込４丁目３５−１５ 都営本駒込四丁目アパート１５号棟,ChIJYT2UIsGNGGARw9uCYph-iiQ
東京,江東区立江東図書館,日本、〒136-0076 東京都江東区南砂６丁目７−５２,ChIJU_Eg_l2IGGARhVs9hjuAzaQ
東京,江東区立深川図書館,日本、〒135-0024 東京都江東区清澄３丁目３−３９,ChIJ878UkRWJGGARBG5SjCgHvzo
東京,江東区立東大島図書館,日本、〒136-0072 東京都江東区大島９丁目４−２,ChIJiz3JuJqIGGARr_rCJrZnk6Y
東京,江東区立東陽図書館,日本、〒135-0016 東京都江東区東陽２丁目３−６,ChIJ401UTFSIGGART1hESNBgn3E
東京,江東区立城東図書館,日本、〒136-0072 東京都江東区大島４丁目５−１ 4階,ChIJx9pKG-mIGGARmTA50vkqZ1s
東京,江東区立古石場図書館,日本、〒135-0045 東京都江東区古石場２丁目１３−２,ChIJlcWBTQmJGGARwbQPUHfEEFw
東京,江東区立砂町図書館,日本、〒136-0073 東京都江東区北砂５丁目１−７ 砂町文化センター,ChIJ448ZfPOIGGARBQFP01JJfwc
東京,江東区立東雲図書館,日本、〒135-0062 東京都江東区東雲２丁目７−５,ChIJ3cUP78iJGGARzh-wlMmNyFc
東京,江東区立豊洲図書館,日本、〒135-0061 東京都江東区豊洲２丁目２−１８ 豊洲シビックセンタ 9F・10F・11F,ChIJY_xXX6KJGGARNY8AK8Mn1ew
東京,江東区立こどもプラザ図書館,日本、〒135-0002 東京都江東区住吉１丁目９−８,ChIJB9dydHqJGGARnPdfrlfDMVQ
東京,江東区立亀戸図書館,日本、〒136-0071 東京都江東区亀戸７丁目３９−９,ChIJQSIBAJaIGGARUHsjTLrWing
東京,教科書図書館,日本、〒135-0015 東京都江東区千石１丁目９−２８,ChIJQ3JHnuKIGGARVdeVZojBLFQ
東京,江東区立枝川図書サービスコーナー,日本、〒135-0051 東京都江東区枝川３丁目６−１６ 江東区枝川区民館,ChIJSZWfka2JGGAReYyr1Fbi5_Q
東京,墨田区立緑図書館,日本、〒130-0021 東京都墨田区緑２丁目２４−５,ChIJx-vq0TOJGGARkSMgX6W9E8E
東京,墨田区立ひきふね図書館,日本、〒131-0046 東京都墨田区京島１丁目３６−５,ChIJ5zqR5CWPGGARUf_oPIEQoHY
東京,東京海洋大学附属図書館 越中島分館,日本、〒135-0044 東京都江東区越中島２丁目１−６,ChIJTbxa3XKJGGARqbJXkbjAFL4
東京,江東図書館入口,日本、〒136-0076 東京都江東区南砂６丁目５,ChIJaWa2u2CIGGARCXUmShRsKkc
東京,江東区こどもプラザ,日本、〒135-0002 東京都江東区住吉１丁目９−８,ChIJH9NeiciJGGARd0U_ycc2SHE
東京,中央区立日本橋図書館,日本、〒103-0013 東京都中央区日本橋人形町１丁目１−１７,ChIJJVm3T1CJGGARjMLMsvxNpP8
東京,墨田区立立花図書館,日本、〒131-0043 東京都墨田区立花６丁目８−１ 都営立花六丁目アパート１号棟 １０１,ChIJl47YkbWIGGARfoOFKuUK6JA
東京,品川区立品川図書館,日本、〒140-0001 東京都品川区北品川２丁目３２−３,ChIJH6vjqmiKGGAR0zmF7b8jo5M
東京,品川区立大崎図書館,日本、〒141-0001 東京都品川区北品川５丁目２−１ 2階,ChIJWYxM6POKGGARV2emSdQ3ako
東京,品川区立ゆたか図書館,日本、〒142-0042 東京都品川区豊町１丁目１７−７,ChIJn76weo2KGGARD9QjeFq13Bw
東京,品川区立五反田図書館,日本、〒141-0031 東京都品川区西五反田６丁目５−１ 五反田文化センタ 2階,ChIJPXMKgOaKGGARbhYXuPCFay8
東京,品川区立荏原図書館,日本、〒142-0053 東京都品川区中延１丁目９−１５ 3階,ChIJLbYw6sGKGGAR4E6IH015XIw
東京,品川区立源氏前図書館,日本、〒142-0053 東京都品川区中延４丁目１４−１７,ChIJzQpJT76KGGARJhgS0An0OBg
東京,品川区立二葉図書館,日本、〒142-0043 東京都品川区二葉１丁目４−２５ 二葉一丁目区営住宅,ChIJGcduK4-KGGARpIRnMYuP5zc
東京,品川区立大井図書館,日本、〒140-0014 東京都品川区大井５丁目１９−１４,ChIJb8zc0YGKGGARIprzpx5EAkU
東京,品川区立南大井図書館,日本、〒140-0013 東京都品川区南大井３丁目７−１３,ChIJA88fi9JhGGAR6JHuJUwXZxM
東京,品川区立八潮図書館,日本、〒140-0003 東京都品川区八潮５丁目１０−２７,ChIJcSGjnd1hGGARx0BRftp5Tuk
東京,品川区立大崎図書館分館,日本、〒141-0032 東京都品川区大崎３丁目１２−２２,ChIJV-gr3DqLGGARSecvUDWPETM
東京,品川区 武蔵小山図書取次施設,日本、〒142-0062 東京都品川区小山３丁目２２−３ 武蔵小山ビル 2階,ChIJ2Q2dKhqLGGARq9HfgOIMt5c
東京,港区立港南図書館,日本、〒108-0075 東京都港区港南３丁目３−１７ シティハイツ港南,ChIJubUrLEaKGGARXD7tmgPjiog
東京,おおさきこども図書室,日本、〒141-0032 東京都品川区大崎２丁目１１−１ ウィズシティテラス2階,ChIJCe-B-4WKGGARBkR376zXoFE
東京,港区立高輪図書館,日本、〒108-0074 東京都港区高輪１丁目１６−２５ 3階,ChIJ11WrmamLGGAR6KlfU8JSUZI
東京,東京都立中央図書館,日本、〒106-8575 東京都港区南麻布５丁目７−１３,ChIJdwJIUXOLGGARLgNV5YI-lew
東京,立正大学品川図書館,日本、〒141-0032 東京都品川区大崎４丁目２ 11号館,ChIJYYVDAQ6LGGARlOsHvoetFSg
東京,自転車文化センター,日本、〒141-0021 東京都品川区上大崎３丁目３−１ 自転車総合ビル 1F,ChIJ4eJcEhyLGGARXzo93iM3sjk
東京,港区立高輪図書館分室,日本、〒108-0074 東京都港区高輪１丁目４,ChIJA0qldKmLGGARXoVqA60cZnE
東京,大田区立入新井図書館,日本、〒143-0016 東京都大田区大森北１丁目１０−１４ ＬＵＺ大森 4F,ChIJ6dklRjJgGGARk_Y-RA_TISM
東京,渋谷区立中央図書館,日本、〒150-0001 東京都渋谷区神宮前１丁目４−１,ChIJWQfWYLuMGGARyy49d7EvsIo
東京,渋谷区立こもれび大和田図書館,日本、〒150-0031 東京都渋谷区桜丘町２３−２１,ChIJcYeWN1eLGGAR-Ws9aovfPss
東京,渋谷区立代々木図書館,日本、〒151-0053 東京都渋谷区代々木３丁目５１−８,ChIJU1bhIcyMGGAROIbeWJGrj5Q
東京,渋谷区立臨川みんなの図書館,日本、〒150-0012 東京都渋谷区広尾１丁目９−１７,ChIJF-rknWyLGGARhF-7E4FFcqE
東京,森の図書室,日本、〒150-0042 東京都渋谷区宇田川町２３−３ 渋谷第一勧銀共同ビル 8F,ChIJ_76U71WLGGARn9Yb93Tk-Io
東京,渋谷区立本町図書館,日本、〒151-0071 東京都渋谷区本町１丁目３３−５,ChIJRc457S_zGGARIPMBX5-9Fqw
東京,渋谷区立西原図書館,日本、〒151-0066 東京都渋谷区西原２丁目２８−９,ChIJXTlpujvzGGARx7T1FJM-Upo
東京,富ケ谷図書館,日本、〒151-0064 東京都渋谷区上原１丁目４６−２,ChIJsaJT8kvzGGARCqiMLAVzWv4
東京,渋谷区立笹塚図書館,日本、〒151-0073 東京都渋谷区笹塚１丁目４７−１ メルクマール京王笹塚 4階,ChIJyfqxehfzGGARD07MRMjt2lI
東京,和田誠記念文庫（渋谷区立図書館内）,日本、〒150-0001 東京都渋谷区神宮前１丁目４−１,ChIJs18AZneNGGARWS2YeQUIjHI
東京,笹塚こども図書館,日本、〒151-0073 東京都渋谷区笹塚３丁目３−１,ChIJKSKAuRjzGGARKb6_URI8al4
東京,國學院大學 渋谷キャンパス図書館,日本、〒150-0011 東京都渋谷区東４丁目１０−２８,ChIJjfYXY12LGGARL9wRZw5tIzk
東京,圖書館,日本、〒150-0044 東京都渋谷区円山町５−３萩原大樓 3F,ChIJpxWHY56LGGARgmZplyReZic
東京,東京都立中央図書館,日本、〒106-8575 東京都港区南麻布５丁目７−１３,ChIJdwJIUXOLGGARLgNV5YI-lew
東京,渋谷図書館入口,日本、〒150-0011 東京都渋谷区東２丁目５,ChIJ2zaIQV2LGGAR1LfLh7kYKKk
東京,文化学園図書館,日本、〒151-0053 東京都渋谷区代々木３丁目２２−１,ChIJ1yDWddKMGGAR6cJOLZGwa4M
東京,渋谷区文化総合センター 大和田,日本、〒150-0031 東京都渋谷区桜丘町２３−２１,ChIJn0svOFeLGGARokRS3f-mBYk
東京,GMO Library,日本、〒150-0031 東京都渋谷区桜丘町２６−１ セルリアンタワ 11階 ・GMOインターネットグループ第1本社,ChIJr9hrNFWLGGARD8PZ31IxtPs
東京,青山学院大学 図書館,日本、〒150-0002 東京都渋谷区渋谷４丁目４−２５,ChIJGayha16LGGAROVAPGeW_qjQ
東京,日本経済大学 東京渋谷キャンパス 図書館・情報センター,日本、〒150-0032 東京都渋谷区鶯谷町３−１０ 日本経済大学6号館,ChIJK_S4rWCLGGAROkPT14NH3kk
東京,新宿区立中央図書館,日本、〒169-0072 東京都新宿区大久保３丁目１−１,ChIJxztNU0iNGGAR-WjkpTl4lf8
東京,新宿区立四谷図書館,日本、〒160-0014 東京都新宿区内藤町８７,ChIJt3gBz-uMGGARMeLJB5imSJY
東京,新宿区立角筈図書館,日本、〒160-0023 東京都新宿区西新宿４丁目３３−７,ChIJzwAzjCzzGGAR7mz4i7iri-I
東京,新宿区立北新宿図書館,日本、〒169-0074 東京都新宿区北新宿３丁目２０−２,ChIJB6UHG83yGGARsU4-vst7i2Y
東京,新宿区立下落合図書館,日本、〒161-0033 東京都新宿区下落合１丁目９−８,ChIJBQesrUmNGGARGw81QaGv1I0
東京,新宿区立鶴巻図書館,日本、〒162-0041 東京都新宿区早稲田鶴巻町５２１,ChIJhQUyXAKNGGARdAKs7NfoYz8
東京,新宿区立中町図書館,日本、〒162-0835 東京都新宿区中町２５ 新宿区立中町児童館,ChIJu24nU1iMGGARQjiBUHUy7iU
東京,新宿区立西落合図書館,日本、〒161-0031 東京都新宿区西落合４丁目１３−１７,ChIJrZPAXFjtGGARo5xRT9tsBao
東京,新宿区立大久保図書館,日本、〒169-0072 東京都新宿区大久保２丁目１２−７,ChIJhQe12WSNGGARdDccAHnY090
東京,新宿区立戸山図書館,日本、〒162-0052 東京都新宿区戸山２丁目１１−１０１,ChIJryz0Kh6NGGAR_u1l0v89KnE
東京,東京都議会図書館,日本、〒160-0023 東京都新宿区西新宿２丁目８−１,ChIJoTcat9SMGGARmRmMfi0rVQE
東京,目白大学新宿図書館,日本、〒161-0032 東京都新宿区中落合４丁目３１−１,ChIJBS3Riq_yGGARSNn5NQIxGHA
東京,エルサレムの形のない図書館,日本、〒162-0805 東京都新宿区矢来町１１４,ChIJbVy2YeeNGGARGZDwkX_C8RM
東京,早稲田大学 中央図書館,日本、〒169-0051 東京都新宿区西早稲田１丁目２０−１４ 早稲田大学総合学術情報センター,ChIJvQQB6XyNGGARYJiExIKwX4E
東京,文京区立目白台図書館,日本、〒112-0014 東京都文京区関口３丁目１７−９,ChIJB18UjQWNGGARGh12t4IrwCg
東京,JICA図書館,日本、〒162-0845 東京都新宿区市谷本村町１０−５,ChIJsSu79MaNGGARdNPMGYI7sbs
東京,工学院大学 新宿図書館,日本、〒160-0023 東京都新宿区西新宿１丁目２４−２,ChIJPYDOFtSMGGARRyf3LRatukI
東京,東京医科大学図書館 本館,日本、〒160-0023 東京都新宿区西新宿６丁目７−１,ChIJjRI4viqNGGARuUCR-HqQsjs
東京,社会福祉法人 日本点字図書館,日本、〒169-0075 東京都新宿区高田馬場１丁目２３−４,ChIJl9H2xjuNGGARzIrkm86X2xQ
東京,国際交流基金ライブラリー,日本、〒160-0004 東京都新宿区四谷１丁目６−４,ChIJW5bkYOyMGGARjO31oBcjtg4
東京,杉並区立中央図書館,日本、〒167-0051 東京都杉並区荻窪３丁目４０−２３ 1F,ChIJB5neWgryGGAR72DR_8VUtqk
東京,杉並区立方南図書館,日本、〒168-0062 東京都杉並区方南１丁目５１−２,ChIJa34xtgLzGGARzNYDKEIAtJw
東京,杉並区立高円寺図書館,日本、〒166-0003 東京都杉並区高円寺南２丁目３６−２５,ChIJQcYG3ovyGGARbOZRbEyXK_M
東京,杉並区立下井草図書館,日本、〒167-0022 東京都杉並区下井草３丁目２６−５ 下井草図書館,ChIJa5V0csLtGGARX0plb1f3CuY
東京,杉並区立阿佐谷図書館,日本、〒166-0001 東京都杉並区阿佐谷北３丁目３６−１４,ChIJkzUxaIztGGARslKd7MveWTs
東京,杉並区立成田図書館,日本、〒166-0015 東京都杉並区成田東３丁目２８−５ 杉並区立成田図書館,ChIJj17W327yGGAR3VeqItlF1Z4
東京,杉並区立高井戸図書館,日本、〒168-0072 東京都杉並区高井戸東１丁目２８−１,ChIJc2tLrj3yGGARRbnQZx0zcYI
東京,杉並区立南荻窪図書館,日本、〒167-0052 東京都杉並区南荻窪１丁目１０−２,ChIJKXB5NQHyGGARCK1PlwSIBmY
東京,杉並区立柿木図書館,日本、〒167-0023 東京都杉並区上井草１丁目６−１３ 区立柿木図書館,ChIJOVmc1d7tGGARgcU71VUPVrE
東京,杉並区立西荻図書館,日本、〒167-0042 東京都杉並区西荻北２丁目３３−９,ChIJBbzxawnuGGARUL16wir2hws
東京,杉並区立今川図書館,日本、〒167-0035 東京都杉並区今川４丁目１２−１０ 今川図書館,ChIJ7_LK-XHuGGAR9_ioOeMQFOA
東京,杉並区立宮前図書館,日本、〒168-0081 東京都杉並区宮前５丁目５−２７,ChIJXTqjSR3uGGARhnvUt73nqK4
東京,明治大学 和泉図書館,日本、〒168-0064 東京都杉並区永福１丁目９−１,ChIJi8Yl8qnzGGAR_IKLMrjQkZU
東京,杉並区立永福図書館,日本、〒168-0064 東京都杉並区永福３丁目５１−１７,ChIJW3whSh7zGGARsO0BCLDiRvs
東京,読書の森公園,日本、〒167-0051 東京都杉並区荻窪３丁目３９−１６,ChIJSZagQgryGGARPi6wlesTKQc
東京,中野区立中央図書館,日本、〒164-0001 東京都中野区中野２丁目９−７,ChIJESC-wb_yGGARTGWnIPGMWu0
東京,かつら文庫,日本、〒167-0051 東京都杉並区荻窪３丁目３７−１１,ChIJOyOpHAryGGARio8Z4cwIOIY
東京,杉並区立高円寺駅前図書サービスコーナー,日本、〒166-0002 東京都杉並区高円寺北２丁目５−１ ホテル メッツ 高円寺 3 階,ChIJ01d4fX3yGGAR_UlZwgc1yLw
東京,立正佼成会付属佼成図書館,日本、〒166-0012 東京都杉並区和田１丁目２−１,ChIJ9Xb73OXyGGAR89Qjw2OiZTQ
東京,コミュニティふらっと永福,日本、〒168-0064 東京都杉並区永福３丁目５１−１７,ChIJ7W47of_zGGARi1itPIjRZr8
東京,墨田区立ひきふね図書館,日本、〒131-0046 東京都墨田区京島１丁目３６−５,ChIJ5zqR5CWPGGARUf_oPIEQoHY
東京,墨田区立緑図書館,日本、〒130-0021 東京都墨田区緑２丁目２４−５,ChIJx-vq0TOJGGARkSMgX6W9E8E
東京,墨田区立八広図書館,日本、〒131-0041 東京都墨田区八広５丁目１０−１−１０４ 都営八広五丁目アパート１Ｆ,ChIJvSnRkjyPGGAR_luE0otRJmw
東京,墨田区立立花図書館,日本、〒131-0043 東京都墨田区立花６丁目８−１ 都営立花六丁目アパート１号棟 １０１,ChIJl47YkbWIGGARfoOFKuUK6JA
東京,墨田区立横川コミュニティ会館図書室,日本、〒130-0003 東京都墨田区横川５丁目９−１ 横川五丁目第２アパート１号棟,ChIJZfpjY4qJGGARFF-Xi-3Eb1Y
東京,墨田区立東駒形コミュニティ会館図書室,日本、〒130-0005 東京都墨田区東駒形４丁目１４−１,ChIJiT_hCXuPGGARBAHzc61nmUI
東京,墨田区立 東駒形コミュニティ会館,日本、〒130-0005 東京都墨田区東駒形４丁目１４−１,ChIJ0-cXmtOOGGAR4k8mw_7h3oM
東京,梅若橋コミュニティ会館,日本、〒131-0034 東京都墨田区堤通２丁目９−１,ChIJ4W7FGwOPGGARB6Pc82dfvNg
東京,iU Library,日本、〒131-0044 東京都墨田区文花１丁目１８−１３,ChIJuZqzCVaPGGAR4bYZ0Rx-Ydc
東京,ひきふね図書館パートナーズ,日本、〒131-0046 東京都墨田区京島１丁目３６−４,ChIJxWg7kVSPGGARqQiTz1Vr1D8
東京,墨田区立横川コミュニティ会館,日本、〒130-0003 東京都墨田区横川５丁目９−１,ChIJ___v59SIGGAR22JphFd7LHU
東京,すみだ共生社会推進センター,日本、〒131-0045 東京都墨田区押上２丁目１２−７-111号,ChIJwcbqlteOGGARJNMddlIVfBs
東京,葛飾区立四つ木地区図書館,日本、〒124-0011 東京都葛飾区四つ木４丁目８−１ 1階,ChIJnw1-rWyPGGARDYhiuErb1Rc
東京,有料自習室KOTO,日本、〒130-0013 東京都墨田区錦糸４丁目６−９ 2階,ChIJFZn5AS2JGGARv-2c2roQhiw
東京,中央区立日本橋図書館,日本、〒103-0013 東京都中央区日本橋人形町１丁目１−１７,ChIJJVm3T1CJGGARjMLMsvxNpP8
東京,台東区立中央図書館,日本、〒111-0035 東京都台東区西浅草３丁目２５−１６,ChIJJxADQpSOGGAR4m5LLQ8PaTI
東京,台東区立石浜図書館,日本、〒111-0023 東京都台東区橋場１丁目３５−１６,ChIJPZz9oOaOGGARr9cizTZnByA
東京,眺花亭,日本、〒130-0025 東京都墨田区千歳１丁目１−６ 両国マンション,ChIJ8UNMdkmJGGARhb4yGrYJTyg
東京,墨田区立図書館トイレ,日本、〒130-0021 東京都墨田区緑２丁目２４−５,ChIJU8PajTSJGGARFk4Xc_rWJFY
東京,墨田区役所,日本、〒130-8640 東京都墨田区吾妻橋１丁目２３−２０,ChIJ2xrKDcWOGGAR0hj1MXhwb4A
東京,世田谷区立中央図書館,日本、〒154-0016 東京都世田谷区弦巻３丁目１６−８ 1階･B1階,ChIJl6i3RIfzGGARUnFZwZUj63Q
東京,世田谷区立下馬図書館,日本、〒154-0002 東京都世田谷区下馬２丁目３２−１,ChIJY7lPpKT0GGARBi7rQ5CkZww
東京,世田谷区立砧図書館,日本、〒157-0072 東京都世田谷区祖師谷３丁目１０−４,ChIJdSeQzmbxGGAROQjdlSqP-ME
東京,世田谷区立梅丘図書館,日本、〒155-0033 東京都世田谷区代田４丁目３８−１０,ChIJ4_tjiHTzGGARseEyBfe6LCU
東京,世田谷区立上北沢図書館,日本、〒156-0057 東京都世田谷区上北沢３丁目８−９,ChIJoQBxljTyGGARzrFksbQ3zHc
東京,世田谷区立世田谷図書館,日本、〒154-0023 東京都世田谷区若林４丁目２２−１３ 1F,ChIJl0cR237zGGARppjqDVKID7c
東京,世田谷区立粕谷図書館,日本、〒157-0063 東京都世田谷区粕谷４丁目１３−６,ChIJK7qxuobxGGARkFEATEny-30
東京,世田谷区立経堂図書館,日本、〒156-0051 東京都世田谷区宮坂３丁目１−３０,ChIJzYB-tpfzGGARIMTmzssQ6bY
東京,世田谷区立玉川台図書館,日本、〒158-0096 東京都世田谷区玉川台１丁目６−１５ 3階,ChIJk3yehW30GGARbhun_yj2H1I
東京,世田谷区立桜丘図書館,日本、〒156-0054 東京都世田谷区桜丘５丁目１４−１ 地下1階,ChIJOU17TejzGGAR7x0KCZhpBgU
東京,世田谷区立鎌田図書館,日本、〒157-0077 東京都世田谷区鎌田３丁目３５−１,ChIJP9r1IAH0GGARRwIiJurzduw
東京,世田谷区立代田図書館,日本、〒155-0033 東京都世田谷区代田６丁目３４−１３,ChIJi4UspxLzGGARTYLJthphAV0
東京,世田谷区立尾山台図書館,日本、〒158-0082 東京都世田谷区等々力２丁目１７−１４ 世田谷区立尾山台地区会館,ChIJK-cDqf_0GGARagF7D4Dq9p4
東京,世田谷区立烏山図書館,日本、〒157-0062 東京都世田谷区南烏山６丁目２−１９,ChIJRdNNFY7xGGARWUXzanQ5lvo
東京,世田谷区立深沢図書館,日本、〒158-0081 東京都世田谷区深沢４丁目３３−１１,ChIJt2wR9vT0GGARdiduep3JHls
東京,世田谷区立池尻図書室,日本、〒154-0001 東京都世田谷区池尻３丁目２７−２１ 世田谷区池尻まちづくりセンター,ChIJd823mKf0GGARuC5cA_ygrOI
東京,世田谷区立松沢図書室,日本、〒156-0044 東京都世田谷区赤堤５丁目３１−５,ChIJ6WoAvbHzGGAR490U7QBZ-TU
東京,世田谷区立奥沢図書館仮事務所,日本、〒158-0083 東京都世田谷区奥沢３丁目５−７,ChIJxT8c3SL1GGARx-TZownEKF4
東京,世田谷区 図書館カウンター 三軒茶屋,日本、〒154-0004 東京都世田谷区太子堂４丁目３−３−１ 1階,ChIJT0SbIp_0GGARkD2dc1XsKK0
東京,世田谷区立希望丘図書室,日本、〒156-0055 東京都世田谷区船橋７丁目８−４ エステート千歳希望ケ丘,ChIJf3uxHtLzGGARiny_8Q9QpxM
東京,台東区くらまえオレンジ図書館,日本、〒111-0051 東京都台東区蔵前４丁目１４−６ 台東区くらまえオレンジ図書館,ChIJWS5mabeOGGARGAPTbvqQin4
東京,本の森ちゅうおう（中央区立京橋図書館・中央区立郷土資料館）,日本、〒104-0041 東京都中央区新富１丁目１３−１４,ChIJBxogWJ6JGGARxlaxrGY59a0
東京,足立区立中央図書館,日本、〒120-0034 東京都足立区千住５丁目１３−５,ChIJGYxmFDiOGGAR1zxB4najZbg
東京,中央区立日本橋図書館,日本、〒103-0013 東京都中央区日本橋人形町１丁目１−１７,ChIJJVm3T1CJGGARjMLMsvxNpP8
東京,中央区立月島図書館,日本、〒104-0052 東京都中央区月島４丁目１−１,ChIJh5--ZXqJGGARFicgS-yXRKM
東京,文京区立真砂中央図書館,日本、〒113-0033 東京都文京区本郷４丁目８−１５,ChIJgY67jTmMGGAR4BOdXs7ASWs
東京,北区立中央図書館,日本、〒114-0033 東京都北区十条台１丁目２−５,ChIJw-nzA4mSGGAR7-9I7qTTyOQ
東京,豊島区立中央図書館,日本、〒170-0013 東京都豊島区東池袋４丁目５−２ ライズアリーナビル 4･5階,ChIJhX7ig26NGGARoqSjzmX24rA
東京,葛飾区立中央図書館,日本、〒125-0042 東京都葛飾区金町６丁目２−１ ３階 ブライトコート,ChIJ99RER3SFGGAR4HxI0f6yWyQ
東京,足立区立梅田図書館,日本、〒123-0851 東京都足立区梅田７丁目１３−１,ChIJGSOgLiSOGGAR01Yq301MMjc
東京,台東区立中央図書館,日本、〒111-0035 東京都台東区西浅草３丁目２５−１６,ChIJJxADQpSOGGAR4m5LLQ8PaTI
東京,足立区立興本図書館,日本、〒123-0844 東京都足立区興野１丁目１８−３８,ChIJz5QJ2PyRGGAR02TW5og-Puc
東京,足立区立鹿浜図書館,日本、〒123-0864 東京都足立区鹿浜６丁目８−１ 地域学習センター内,ChIJvbHkpTCSGGARLnLPgZVtcno
東京,新宿区立中央図書館,日本、〒169-0072 東京都新宿区大久保３丁目１−１,ChIJxztNU0iNGGAR-WjkpTl4lf8
東京,台東区立中央図書館谷中分室,日本、〒110-0001 東京都台東区谷中５丁目６−５ 防災コミュニティセンタ 3階,ChIJHbEbmdONGGARcy2WtGKbwLA
東京,足立区立竹の塚図書館,日本、〒121-0813 東京都足立区竹の塚２丁目２５−１７,ChIJ6_MhQL6RGGAR-WV_xgKR2VA
東京,杉並区立中央図書館,日本、〒167-0051 東京都杉並区荻窪３丁目４０−２３ 1F,ChIJB5neWgryGGAR72DR_8VUtqk
東京,港区立みなと図書館,日本、〒105-0011 東京都港区芝公園３丁目２−２５,ChIJ5UUjtL-LGGARNtKVquguCgU
東京,板橋区立中央図書館,日本、〒174-0071 東京都板橋区常盤台４丁目３−１,ChIJXU5mMdOSGGARzb08HTuPF74
東京,足立区立やよい図書館,日本、〒120-0011 東京都足立区中央本町３丁目１５−１ 地域学習センタ 3階,ChIJT7PmCSyOGGARxraA1t-fqXU
東京,チラシ図書館,日本、〒103-0014 東京都中央区日本橋蛎殻町１丁目９−１ アポテックビル,ChIJkxzndVCJGGARTFNxbZ4a4Ls
東京,千代田区立千代田図書館,日本、〒102-0074 東京都千代田区九段南１丁目２−１ 千代田区役所,ChIJNfH1QhOMGGARCg4QypRh0ZQ
東京,日比谷図書文化館,日本、〒100-0012 東京都千代田区日比谷公園１−４,ChIJZ9ane-2LGGARwF-QjgVp3PM
東京,千代田区立神田まちかど図書館,日本、〒101-0048 東京都千代田区神田司町２丁目１６,ChIJZVYGkAOMGGARNISroSwW6o4
東京,千代田区立四番町図書館,日本、〒102-0075 東京都千代田区三番町１４−７,ChIJs9n1fWaMGGAR3qfSLdpZZP4
東京,千代田区立昌平まちかど図書館,日本、〒101-0021 東京都千代田区外神田３丁目４−７,ChIJydy3KRyMGGARV8SRI1jhG5c
東京,国立国会図書館,日本、〒100-0014 東京都千代田区永田町１丁目１０−１,ChIJ03qMt3eMGGARdlEfyYPo_wE
東京,千代田区立ちよだパークサイドプラザ区民図書室,日本、〒101-0024 東京都千代田区神田和泉町１−１３−１８,ChIJVcP3Tq-OGGARTuLkLyJVF8A
東京,日本大学図書館法学部分館,日本、〒101-0065 東京都千代田区西神田２丁目６−１６ 日本大学法学部図書館,ChIJyQkDehWMGGARsB_nmYcMuHg
東京,みどりの図書館,日本、〒100-0012 東京都千代田区日比谷公園１−５,ChIJqa9CUACLGGARJ8Y6uiYwbv0
東京,日比谷図書文化館 文化財事務室,日本、〒100-0012 東京都千代田区日比谷公園１−４,ChIJZ9ane-2LGGARnU5oQ3wani4
東京,専修大学図書館 神田分館,日本、〒101-0051 東京都千代田区神田神保町３丁目８ 3号館,ChIJhyMX5BSMGGARWfoQWYeeQ7g
東京,千代田区役所,日本、〒102-8688 東京都千代田区九段南１丁目２−１,ChIJPfFaQhOMGGAREtQU59hv9JU
東京,大妻女子大学千代田校図書館,日本、〒102-0075 東京都千代田区三番町７−８ 大妻女子大学 図書館棟,ChIJEQ2XaACNGGARQ3YMkuIVYkA
東京,ちよだパークサイドプラザ,日本、〒101-0024 東京都千代田区神田和泉町１,ChIJoW3NSK-OGGARn7OuvXkFqT8
東京,明治大学図書館 中央図書館,日本、〒101-0062 東京都千代田区神田駿河台１丁目１,ChIJV9wGxxCMGGAROOp93aZ_H2U
東京,国土交通省図書館,日本、〒100-0013 東京都千代田区霞が関２丁目１−３,ChIJN3HAGRyLGGARs36zDcVh2BQ
東京,最高裁判所図書館,日本、〒102-0092 東京都千代田区隼町４−２ 最高裁判所,ChIJn5USbUmNGGARJshlt-qBgNM
東京,台東区立中央図書館浅草橋分室,日本、〒111-0053 東京都台東区浅草橋２丁目８−７ 浅草橋区民館 ２階３階,ChIJFYyv1rGOGGARqjLo5B2QRoA
東京,市政専門図書館,日本、〒100-0012 東京都千代田区日比谷公園１−３ 市政会館1F,ChIJYSD6ou2LGGARSbuDziBD2h8
東京,防災専門図書館,日本、〒102-0093 東京都千代田区平河町２丁目４−１ 日本都市センター会館 ８階,ChIJuee7u3uMGGARN2XbfVYdsgA
東京,豊島区立中央図書館,日本、〒170-0013 東京都豊島区東池袋４丁目５−２ ライズアリーナビル 4･5階,ChIJhX7ig26NGGARoqSjzmX24rA
東京,豊島区立池袋図書館,日本、〒170-0014 東京都豊島区池袋３丁目２９−１０,ChIJCdpiT6eSGGARoV1yOJary80
東京,豊島区立千早図書館,日本、〒171-0044 東京都豊島区千早２丁目４４−２,ChIJ8-ObV1LtGGARTRHz75YLTNo
東京,豊島区立目白図書館,日本、〒171-0031 東京都豊島区目白４丁目３１−８,ChIJ7Uc__lCNGGARIdg74pQo1Xo
東京,豊島区立上池袋図書館,日本、〒170-0012 東京都豊島区上池袋２丁目４５−１５,ChIJR8U0H2KNGGAR-m11kUJgVEE
東京,豊島区立巣鴨図書館,日本、〒170-0002 東京都豊島区巣鴨３丁目８−２,ChIJD69Ylp2NGGAR3lwtzm7DnIc
東京,豊島区立駒込図書館,日本、〒170-0003 東京都豊島区駒込２丁目２−２,ChIJAZm6oJaNGGAR4mthy105q5c
東京,豊島区立雑司が谷図書貸出コーナー,日本、〒171-0032 東京都豊島区雑司が谷３丁目１−７,ChIJk3xxLhWNGGARW153ld27UeY
東京,豊島図書館,日本、〒114-0003 東京都北区豊島３丁目２７−２２,ChIJYy02GnKSGGARG4D_E_VcDJU
東京,立教大学池袋図書館,日本、〒171-8501 東京都豊島区西池袋３丁目３４−１,ChIJ2YRW3FmNGGAR-PZRywcy4MY
東京,東京音楽大学 付属図書館,日本、〒171-0022 東京都豊島区南池袋３丁目１８−４,ChIJEZXMm2uNGGARMILAfvhJphg
東京,大正大学附属図書館,日本、〒170-0001 東京都豊島区西巣鴨３丁目２０−１,ChIJ80ZCdn6NGGAReYdrQ_NYYTk
東京,池袋キャンパスメディアライブラリーセンター,日本、〒170-0013 東京都豊島区東池袋２丁目５１−４,ChIJNcjaxOKNGGARFZGANwnCS5o
東京,学習院大学図書館,日本、〒171-8588 東京都豊島区目白１丁目５−１,ChIJ4_VGcECNGGARjUzJZKr-gjg
東京,東京福祉大学附属茶屋四郎次郎記念図書館池袋分室,日本、〒171-0022 東京都豊島区南池袋３丁目１４−１１ 中町ビル,ChIJrQeyAgCNGGARM8mDBGKOWwQ
東京,中野区立中央図書館,日本、〒164-0001 東京都中野区中野２丁目９−７,ChIJESC-wb_yGGARTGWnIPGMWu0
東京,中野区立中野東図書館,"日本、〒164-0011 東京都中野区中央１丁目４１−２ みらいステップなかの 7 8,9階部分",ChIJQQ2OE-PzGGARRfstPFCux4I
東京,中野区立野方図書館,日本、〒165-0027 東京都中野区野方３丁目１９−５,ChIJLd70kn7tGGAR3xtLEMvjXbM
東京,中野区立南台図書館,日本、〒164-0014 東京都中野区南台３丁目２６−１８,ChIJHTXzYuHyGGARxIDGDvGytDc
東京,中野区立鷺宮図書館,日本、〒165-0032 東京都中野区鷺宮３丁目２２−５ 鷺宮区民活動センター,ChIJ2WXXXZftGGAR6c34PJQ7KOs
東京,中野区立上高田図書館,日本、〒164-0002 東京都中野区上高田５丁目３０−１５,ChIJicmHWqHyGGARAHXBVyuRrTg
東京,中野第一ライブラリー,日本、〒164-0012 東京都中野区本町３丁目１６−１,ChIJv291OvvzGGAR_XUtkVXt46U
東京,中野区立江古田図書館,日本、〒165-0022 東京都中野区江古田２丁目１−１１,ChIJW4dizGDtGGARCKAMMRf_FH4
東京,美鳩ライブラリー,日本、〒165-0034 東京都中野区大和町４丁目２６,ChIJR4fiAgDtGGARrqdsbv_PotU
東京,東京子ども図書館,日本、〒165-0023 東京都中野区江原町１丁目１９−１０,ChIJsyvzHFztGGARGtJ8TrX5qAg
東京,東京工芸大学 中野図書館,日本、〒164-0012 東京都中野区本町２丁目９−５,ChIJ40X5FdryGGAR9id_ENFv46Q
東京,中野キャンパスメディアライブラリーセンター,日本、〒164-0001 東京都中野区中野４丁目２１−２,ChIJz_0mYDzzGGAR-uvQYNQKtSk
東京,みなみのライブラリー（中央図書館分室）,日本、〒164-0013 東京都中野区弥生町４丁目２７−１１,ChIJ1yCSOwDzGGARqoZqJg45sbU
東京,明治大学中野図書館,日本、〒164-0001 東京都中野区中野４丁目２１−１ 高層棟,ChIJu8tgBwDzGGAR6e0CqDc5e_k
東京,矯正図書館,日本、〒165-0026 東京都中野区新井３丁目３７−２,ChIJVyhaiJzyGGARIUtRWCW3Dfw
東京,中野有料自習室,日本、〒165-0026 東京都中野区新井２丁目３−１０ 平井ビル 102号,ChIJpwBCzA3zGGAR1e_ol7z9LOE
東京,南台図書館,日本、〒164-0014 東京都中野区南台３丁目２５,ChIJNXKVZuHyGGARm54rk1JDMgc
東京,自習室 Sky Place 中野サンプラザ北口店,日本、〒164-0001 東京都中野区中野４丁目２−１３ ＪＲ中野北口富士ビル ６Ｆ,ChIJlwpGuJDyGGARWTC7HpF490g
東京,杉並区立方南図書館,日本、〒168-0062 東京都杉並区方南１丁目５１−２,ChIJa34xtgLzGGARzNYDKEIAtJw
東京,自習室 Sky Place 中野駅前店,日本、〒164-0001 東京都中野区中野５丁目６５−３ ホワイトハウスビル 8F,ChIJj-dVLJHyGGARG_nLc51L1iU
東京,練馬区立練馬図書館,日本、〒176-0012 東京都練馬区豊玉北６丁目８−１,ChIJ2RhVXwrtGGAR5BvixRSULVk
東京,練馬区立小竹図書館,日本、〒176-0004 東京都練馬区小竹町２丁目４３−１,ChIJHcBfrDjtGGAREPp6YKvq2uU
東京,練馬区立平和台図書館,日本、〒179-0083 東京都練馬区平和台１丁目３６−１７,ChIJ9cihCeTsGGARgnt16HqDaB4
東京,練馬区立光が丘図書館,日本、〒179-0072 東京都練馬区光が丘４丁目１−５,ChIJ5-VuNWvsGGARxECtICpcwmw
東京,練馬区立貫井図書館,日本、〒176-0021 東京都練馬区貫井１丁目３６−１６,ChIJoYTxILHtGGARP5Aasc-BK8c
東京,練馬区立石神井図書館,日本、〒177-0045 東京都練馬区石神井台１丁目１６−３１,ChIJiRo_fYXuGGAR47Up6YMIorc
東京,練馬区立稲荷山図書館,日本、〒178-0062 東京都練馬区大泉町１丁目３−１８,ChIJvzdOAaruGGARLtEGiRo85QA
東京,練馬区立大泉図書館,日本、〒178-0061 東京都練馬区大泉学園町２丁目２１−１７,ChIJByzo0sruGGARNn4yDTGMvi8
東京,練馬区立南田中図書館,日本、〒177-0035 東京都練馬区南田中５丁目１５−２２,ChIJK7RbOyrsGGARESnAnswtzms
東京,練馬区立図書館豊玉受取窓口,日本、〒176-0011 東京都練馬区豊玉上２丁目２２−１５,ChIJD0YIew3tGGARc8MkUBbDS2o
東京,練馬区立南大泉図書館分室 こどもと本のひろば,日本、〒178-0064 東京都練馬区南大泉３丁目１７−２０,ChIJRffWktjuGGARXfudZuvTR1g
東京,練馬区立春日町図書館,日本、〒179-0074 東京都練馬区春日町５丁目３１−２−２０１,ChIJeVP9ME7sGGARVSBxJJic0YA
東京,練馬区立図書館高野台受取窓口,日本、〒177-0033 東京都練馬区高野台２丁目２５−１ 生涯 学習センター分館内,ChIJGwJGlTrsGGARzZECfL4oW7o
東京,練馬区立関町図書館,日本、〒177-0053 東京都練馬区関町南３丁目１１−２,ChIJA-Cyc1juGGARr8uFIH1A9nw
東京,板橋区立中央図書館,日本、〒174-0071 東京都板橋区常盤台４丁目３−１,ChIJXU5mMdOSGGARzb08HTuPF74
東京,練馬区立図書館大泉学園駅受取窓口,日本、〒178-0063 東京都練馬区東大泉１丁目２８−１ リズモ 大泉 学園 4F,ChIJ2RK-o8fuGGARJF8EVoIMXg4
東京,練馬区立図書館北町受取窓口,日本、〒179-0081 東京都練馬区北町２丁目２６−１,ChIJDcSQUgDtGGARbFaBxMGWCJ0
東京,上石神井受取窓口,日本、〒177-0044 東京都練馬区上石神井１丁目６−１６ 練馬区役所上石神井出張所,ChIJ3Q0SWZrvGGAReN6TvkCi-jU
東京,練馬区生涯学習センター,日本、〒176-0012 東京都練馬区豊玉北６丁目８−１,ChIJKe88XwrtGGARLCc9zRTdjfw
東京,練馬区立図書館石神井公園受取口,日本、〒177-0041 東京都練馬区石神井町７丁目１−２,ChIJw56nVr_vGGARkMv4ditQ4Ow
東京,文京区立本駒込図書館,日本、〒113-0021 東京都文京区本駒込４丁目３５−１５ 都営本駒込四丁目アパート１５号棟,ChIJYT2UIsGNGGARw9uCYph-iiQ
東京,文京区立本郷図書館,日本、〒113-0022 東京都文京区千駄木３丁目２−６,ChIJKfA6C86NGGARplwkwcgH1Bo
東京,文京区立真砂中央図書館,日本、〒113-0033 東京都文京区本郷４丁目８−１５,ChIJgY67jTmMGGAR4BOdXs7ASWs
東京,文京区立根津図書室,日本、〒113-0031 東京都文京区根津２丁目２０−７ 文京区立不忍通りふれあい館,ChIJq-N9oy2MGGARvcTiyB6kHms
東京,文京区立湯島図書館,日本、〒113-0033 東京都文京区本郷３丁目１０−１８,ChIJWQWivCKMGGARTnRfpjXS-5s
東京,文京区立千石図書館,日本、〒112-0011 東京都文京区千石１丁目２５−３,ChIJR28TnryNGGARlReDHydEMFw
東京,文京区立水道端図書館,日本、〒112-0005 東京都文京区水道２丁目１６−１４,ChIJ52XRWlOMGGARzWvk6RMPkE4
東京,文京区立小石川図書館,日本、〒112-0002 東京都文京区小石川５丁目９−２０,ChIJ_2KMeK6NGGARE83qdZSVHEs
東京,文京区立目白台図書館,日本、〒112-0014 東京都文京区関口３丁目１７−９,ChIJB18UjQWNGGARGh12t4IrwCg
東京,豊島区立駒込図書館,日本、〒170-0003 東京都豊島区駒込２丁目２−２,ChIJAZm6oJaNGGAR4mthy105q5c
東京,文京区立大塚公園みどりの図書室,日本、〒112-0012 東京都文京区大塚４丁目４９−２,ChIJ32eApKCNGGARnw9jevojlio
東京,向丘地域活動センター 図書取次所,日本、〒113-0023 東京都文京区向丘１丁目２０−８,ChIJ_0ZGfWGNGGARX9THh0JJC44
東京,自習室KAKOI（文京シビックセンター前店）,日本、〒112-0002 東京都文京区小石川２丁目１−１ ユニオン小石川第2ビル 2階,ChIJTR5_ulmNGGARtZPJBoCznHI
東京,東京大学総合図書館,日本、〒113-0033 東京都文京区本郷７丁目３−１,ChIJo24g-i-MGGARCttDzId-skI
東京,文京区立図書館サービスカウンター,日本、〒112-0012 東京都文京区大塚１丁目４−１,ChIJEzFjNWaNGGAR2d71X1uZ-34
東京,有料自習室CUBE3号店,日本、〒113-0033 東京都文京区本郷３丁目１７−７ 本郷太田ＵＴビル 4階,ChIJ7SaeXDuMGGARRLMzDIf3MXc
東京,文京学院大学 本郷図書館,日本、〒113-0023 東京都文京区向丘１丁目１９−１,ChIJyyfBnzSMGGARvGVdlcTz24g
東京,豊島区立巣鴨図書館,日本、〒170-0002 東京都豊島区巣鴨３丁目８−２,ChIJD69Ylp2NGGAR3lwtzm7DnIc
東京,台東区立中央図書館谷中分室,日本、〒110-0001 東京都台東区谷中５丁目６−５ 防災コミュニティセンタ 3階,ChIJHbEbmdONGGARcy2WtGKbwLA
東京,社会福祉図書資料室,日本、〒112-0006 東京都文京区小日向４丁目１−６,ChIJUXT_JKGNGGAREzEGXXgpWB0
東京,港区立みなと図書館,日本、〒105-0011 東京都港区芝公園３丁目２−２５,ChIJ5UUjtL-LGGARNtKVquguCgU
東京,港区立麻布図書館,日本、〒106-0032 東京都港区六本木５丁目１２−２４,ChIJJUbdIZ-LGGARwCFJRNRiPlk
東京,港区立赤坂図書館,日本、〒107-0062 東京都港区南青山１丁目３−３,ChIJfW2sToKMGGARqXvzq0R58So
東京,港区立三田図書館,日本、〒108-0014 東京都港区芝５丁目36番4号,ChIJK9_8DrGLGGARlo26kDKdYwg
東京,港区立高輪図書館,日本、〒108-0074 東京都港区高輪１丁目１６−２５ 3階,ChIJ11WrmamLGGAR6KlfU8JSUZI
東京,港区立港南図書館,日本、〒108-0075 東京都港区港南３丁目３−１７ シティハイツ港南,ChIJubUrLEaKGGARXD7tmgPjiog
東京,東京都立中央図書館,日本、〒106-8575 東京都港区南麻布５丁目７−１３,ChIJdwJIUXOLGGARLgNV5YI-lew
東京,BICライブラリ,日本、〒105-0011 東京都港区３丁目５−８ B1,ChIJAQBAL5aLGGARx_NVSfMaed0
東京,港区立高輪図書館分室,日本、〒108-0074 東京都港区高輪１丁目４,ChIJA0qldKmLGGARXoVqA60cZnE
東京,札の辻スクエア8階（芝五丁目複合施設）,日本、〒108-0014 東京都港区芝５丁目３６−４ 9階,ChIJe6QVNDiLGGARC_TXJpOeS4Q
東京,渋谷区立中央図書館,日本、〒150-0001 東京都渋谷区神宮前１丁目４−１,ChIJWQfWYLuMGGARyy49d7EvsIo
東京,港区立台場図書館,日本、〒135-0091 東京都港区台場１丁目５−１ 3階,ChIJ-wLSFm2JGGARhfaV1XUOvJ0
東京,慶應義塾図書館 旧館,日本、〒108-0073 東京都港区三田２丁目１５−４５,ChIJsxXcbLCLGGARCISuEYSiX5Q
東京,三康文化研究所附属 三康図書館,日本、〒105-0011 東京都港区芝公園４丁目７−４,ChIJRV8AMLyLGGARZul-gkc5qsk
東京,日本交通公社旅の図書館,日本、〒107-0062 東京都港区南青山２丁目７−２９,ChIJYZCNJYOMGGARgMXautEaQSs
東京,慶應義塾大学図書館,日本、〒108-0073 東京都港区三田２丁目１５,ChIJaWuVbLCLGGAR3uRJ-4KadGA
東京,港区立青山生涯学習館,日本、〒107-0062 東京都港区南青山４丁目１９−７,ChIJQwQu12OLGGARwB3uSvBTo9A
東京,品川区立品川図書館,日本、〒140-0001 東京都品川区北品川２丁目３２−３,ChIJH6vjqmiKGGAR0zmF7b8jo5M
東京,気象庁図書館,日本、〒105-8431 東京都港区虎ノ門３丁目６−９,ChIJAbp_MTaNGGARFDrqYpnksVY
東京,港区立男女平等参画センター（リーブラ）図書室,日本、〒105-0023 東京都港区芝浦１丁目１６−１ みなとパーク芝浦 2階,ChIJZUBaJwCLGGARAlnuJiL8N0w
東京,目黒区立八雲中央図書館,日本、〒152-0023 東京都目黒区八雲１丁目１−１,ChIJtxVA0ML0GGARgcc_bgy6JfI
東京,目黒区立目黒区民センター図書館,日本、〒153-0063 東京都目黒区目黒２丁目４−３６,ChIJ9XSXyzyLGGARjvnMPlLe3L4
東京,目黒区立目黒本町図書館,日本、〒152-0002 東京都目黒区目黒本町２丁目１−２０,ChIJyzJy9CuLGGARY_LrC96nSrY
東京,目黒区立大橋図書館,日本、〒153-0044 東京都目黒区大橋１丁目５−１ クロスエアタワー 9階,ChIJCXrBO6r0GGARw2TPhfyvP8Q
東京,目黒区立中目黒駅前図書館,日本、〒153-0051 東京都目黒区上目黒２丁目１−３ B1階,ChIJ_bw8AkmLGGARK91G_6vPRlg
東京,目黒区立守屋図書館,日本、〒153-0053 東京都目黒区五本木２丁目２０−１５,ChIJtWR5BMv0GGARZ-tgcZWC6F4
東京,目黒区立洗足図書館,日本、〒152-0012 東京都目黒区洗足２丁目８−２６,ChIJJROc3dKKGGARyVTKdRjaFZE
東京,目黒区立緑が丘図書館,日本、〒152-0034 東京都目黒区緑が丘２丁目１４−２３,ChIJDR3zqSH1GGAR_mnKt6lqAEs
東京,東京大学 駒場図書館,日本、〒153-0041 東京都目黒区駒場３丁目８−１,ChIJq82t71PzGGARSmnb7gwDxJo
東京,東京都立中央図書館,日本、〒106-8575 東京都港区南麻布５丁目７−１３,ChIJdwJIUXOLGGARLgNV5YI-lew
東京,目黒区役所八雲中央図書館 資料相談サービス,日本、〒152-0023 東京都目黒区八雲１丁目１−１,ChIJAzl20ML0GGARkPCz0OXaybk
東京,めぐろ区民キャンパス,日本、〒152-0023 東京都目黒区八雲１丁目１−１２,ChIJV_sG1Nz0GGARCTTYXPR9DIE
東京,大田区立洗足池図書館,日本、〒145-0063 東京都大田区南千束２丁目２−１０,ChIJ7ZM0WrWKGGARbf7GwpfLVxg
東京,㈱紀伊國屋書店 公共図書館部,日本、〒153-0064 東京都目黒区下目黒３丁目７−１０,ChIJwRuyIyCLGGARGVTcXY7Zgug
東京,リベラルアーツ図書室,日本、〒152-0033 東京都目黒区大岡山２丁目１２−１,ChIJ-WdLpHX1GGARkIRibmsS97k
東京,東京大学総合文化研究科自然科学図書室,日本、〒153-0041 東京都目黒区駒場３丁目８−１ 16号館,ChIJxfbhtrDzGGARyyhBHOfLCFk
東京,緑が丘文化会館,日本、〒152-0034 東京都目黒区緑が丘２丁目１４−２３,ChIJHyFmByH1GGAR468rlbNmKvo
東京,目黒天空庭園,日本、〒153-0044 東京都目黒区大橋１丁目９−２,ChIJswoXvqv0GGAR-zUHKpl4s0k
東京,渋谷区立こもれび大和田図書館,日本、〒150-0031 東京都渋谷区桜丘町２３−２１,ChIJcYeWN1eLGGAR-Ws9aovfPss
東京,目黒区民センター公園,日本、〒153-0063 東京都目黒区目黒２丁目４−３６,ChIJnz8tJiOLGGARLBpHZcodm_s
